city,clean_text,conversation_id_str,created_at,favorite_count,filter_text,full_text,id_str,image_url,in_reply_to_screen_name,lang,location,policy,quote_count,reply_count,retweet_count,sentiment,stem_text,tokenize_text,topic,tweet_url,user_id_str,username
surabaya,Ya udah akui aja itu program gagal pemerintah dengan gentle dan rakyat akan legowo juga drpd gini mutu nggak jelas korupsi pasti dari tingkat atas sampe bawah kan keterlaluan sangat masalahnya boss kamu sdh terlalu pd dengan mbg ini,1940735296909594643,2025-07-03 12:10:26+00:00,0,"['Ya', 'udah', 'akui', 'aja', 'program', 'gagal', 'pemerintah', 'gentle', 'rakyat', 'legowo', 'drpd', 'gini', 'mutu', 'jelas', 'korupsi', 'tingkat', 'atas', 'sampe', 'bawah', 'kan', 'keterlaluan', 'sangat', 'masalahnya', 'boss', 'kamu', 'sdh', 'terlalu', 'pd', 'mbg']",@WagimanDeep212_ Ya udah akui aja itu program gagal pemerintah dengan gentle dan rakyat akan legowo juga drpd gini mutu nggak jelas korupsi pasti dari tingkat atas sampe bawah kan keterlaluan sangat masalahnya boss kamu sdh terlalu pd dengan mbg ini,1940744941552161203,,WagimanDeep212_,in,,Jatim Amanah,0,0,0,negative,"['ya', 'udah', 'aku', 'aja', 'program', 'gagal', 'perintah', 'gentle', 'rakyat', 'legowo', 'drpd', 'gin', 'mutu', 'jelas', 'korupsi', 'tingkat', 'atas', 'sampe', 'bawah', 'kan', 'terlalu', 'sangat', 'masalah', 'boss', 'kamu', 'sdh', 'terlalu', 'pd', 'mbg']","['Ya', 'udah', 'akui', 'aja', 'itu', 'program', 'gagal', 'pemerintah', 'dengan', 'gentle', 'dan', 'rakyat', 'akan', 'legowo', 'juga', 'drpd', 'gini', 'mutu', 'nggak', 'jelas', 'korupsi', 'pasti', 'dari', 'tingkat', 'atas', 'sampe', 'bawah', 'kan', 'keterlaluan', 'sangat', 'masalahnya', 'boss', 'kamu', 'sdh', 'terlalu', 'pd', 'dengan', 'mbg', 'ini']",2,https://x.com/undefined/status/1940744941552161203,1815365624526442496,
surabaya,Ikan busuk berawal dari kepalanya kira² seperti itulah gambaran betapa parahnya korupsi di Indonesia Dan sudah dapat dipastikan tersangka yang akan diringkus cuma pemain kelas teri Seperti yang sudah²,1940730626371690801,2025-07-03 11:13:33+00:00,0,"['Ikan', 'busuk', 'berawal', 'kepalanya', 'kira²', 'gambaran', 'betapa', 'parahnya', 'korupsi', 'Indonesia', 'Dan', 'dipastikan', 'tersangka', 'diringkus', 'cuma', 'pemain', 'kelas', 'teri', 'Seperti', 'sudah²']",Ikan busuk berawal dari kepalanya kira² seperti itulah gambaran betapa parahnya korupsi di Indonesia. Dan sudah dapat dipastikan tersangka yang akan diringkus cuma pemain kelas teri. Seperti yang sudah².... https://t.co/NyPSass5vM,1940730626371690801,https://pbs.twimg.com/media/Gu7cOE2b0AIuOCv.jpg,,in,,Jatim Amanah,0,0,0,negative,"['ikan', 'busuk', 'awal', 'kepala', 'kira', 'gambar', 'betapa', 'parah', 'korupsi', 'indonesia', 'dan', 'pasti', 'sangka', 'ringkus', 'cuma', 'main', 'kelas', 'teri', 'seperti', 'sudah']","['Ikan', 'busuk', 'berawal', 'dari', 'kepalanya', 'kira²', 'seperti', 'itulah', 'gambaran', 'betapa', 'parahnya', 'korupsi', 'di', 'Indonesia', 'Dan', 'sudah', 'dapat', 'dipastikan', 'tersangka', 'yang', 'akan', 'diringkus', 'cuma', 'pemain', 'kelas', 'teri', 'Seperti', 'yang', 'sudah²']",0,https://x.com/undefined/status/1940730626371690801,898115712044089344,
surabaya,hastuti   dikhawatir kan begitu extra sumber pendapatan pasti nya pemda bakal hapi meniru sumber dana korupsi baru,1940342180562010303,2025-07-03 10:49:33+00:00,0,"['hastuti', 'dikhawatir', 'kan', 'extra', 'sumber', 'pendapatan', 'nya', 'pemda', 'bakal', 'hapi', 'meniru', 'sumber', 'dana', 'korupsi', 'baru']",@TeinjiDeWulf @mula_hastuti @afoxinrain @detikcom dikhawatir kan begitu extra sumber pendapatan pasti nya pemda bakal hapi meniru sumber dana korupsi baru,1940724590520779200,,TeinjiDeWulf,in,,Jatim Amanah,0,0,0,negative,"['hastuti', 'khawatir', 'kan', 'extra', 'sumber', 'dapat', 'nya', 'pemda', 'bakal', 'hap', 'tiru', 'sumber', 'dana', 'korupsi', 'baru']","['hastuti', 'dikhawatir', 'kan', 'begitu', 'extra', 'sumber', 'pendapatan', 'pasti', 'nya', 'pemda', 'bakal', 'hapi', 'meniru', 'sumber', 'dana', 'korupsi', 'baru']",2,https://x.com/undefined/status/1940724590520779200,492721115,
surabaya,Indonesia negaraaa yg besaaaarrrrrr besar toleransinya pada TERSANGKA KORUPSI oooooo,1940589252443558156,2025-07-03 10:32:08+00:00,0,"['Indonesia', 'negaraaa', 'yg', 'besaaaarrrrrr', 'besar', 'toleransinya', 'TERSANGKA', 'KORUPSI', 'oooooo']",@kumparan Indonesia negaraaa yg besaaaarrrrrr!!! besar toleransinya pada TERSANGKA KORUPSI... oooooo,1940720206860718527,,kumparan,in,,Jatim Amanah,0,0,0,positive,"['indonesia', 'negaraaa', 'yg', 'besaaaarrrrrr', 'besar', 'toleransi', 'sangka', 'korupsi', 'oooooo']","['Indonesia', 'negaraaa', 'yg', 'besaaaarrrrrr', 'besar', 'toleransinya', 'pada', 'TERSANGKA', 'KORUPSI', 'oooooo']",0,https://x.com/undefined/status/1940720206860718527,2459582018,
surabaya,ID  Semua diawali dari menormalkanmewajarkan tindakan memberi upeti pd raja agar mendapat perhatian lebih pd si pemberi Raja kecil disetiap wilayahusaha menjadikan itu sebagai adat yg hrs dilestarikan dari sanalah perilaku korupsi dan koruptor terpelihara smp skrg,1940707642571477052,2025-07-03 10:01:24+00:00,0,"['ID', 'Semua', 'diawali', 'menormalkanmewajarkan', 'tindakan', 'memberi', 'upeti', 'pd', 'raja', 'mendapat', 'perhatian', 'lebih', 'pd', 'si', 'pemberi', 'Raja', 'kecil', 'disetiap', 'wilayahusaha', 'menjadikan', 'adat', 'yg', 'hrs', 'dilestarikan', 'sanalah', 'perilaku', 'korupsi', 'koruptor', 'terpelihara', 'smp', 'skrg']",@maman1965 @JNE_ID #Giveaway Semua diawali dari menormalkan/mewajarkan tindakan memberi upeti pd raja agar mendapat perhatian lebih pd si pemberi. Raja2 kecil disetiap wilayah/usaha menjadikan itu sebagai adat yg hrs dilestarikan. dari sanalah perilaku korupsi dan koruptor terpelihara smp skrg.,1940712472048291848,,maman1965,in,,Jatim Amanah,0,0,0,positive,"['id', 'semua', 'awal', 'menormalkanmewajarkan', 'tindak', 'beri', 'upeti', 'pd', 'raja', 'dapat', 'perhati', 'lebih', 'pd', 'si', 'beri', 'raja', 'kecil', 'tiap', 'wilayahusaha', 'jadi', 'adat', 'yg', 'hrs', 'lestari', 'sana', 'perilaku', 'korupsi', 'koruptor', 'pelihara', 'smp', 'skrg']","['ID', 'Semua', 'diawali', 'dari', 'menormalkanmewajarkan', 'tindakan', 'memberi', 'upeti', 'pd', 'raja', 'agar', 'mendapat', 'perhatian', 'lebih', 'pd', 'si', 'pemberi', 'Raja', 'kecil', 'disetiap', 'wilayahusaha', 'menjadikan', 'itu', 'sebagai', 'adat', 'yg', 'hrs', 'dilestarikan', 'dari', 'sanalah', 'perilaku', 'korupsi', 'dan', 'koruptor', 'terpelihara', 'smp', 'skrg']",2,https://x.com/undefined/status/1940712472048291848,1107845989279232000,
surabaya,waras Pajak naik  ga bakalan cukup kalo korupsi nya abisan gn,1940237812911284413,2025-07-03 09:13:09+00:00,0,"['waras', 'Pajak', 'naik', 'ga', 'bakalan', 'cukup', 'kalo', 'korupsi', 'nya', 'abisan', 'gn']",@abu_waras Pajak naik 80% ga bakalan cukup kalo korupsi nya abis2an gn,1940700328221200779,,abu_waras,in,,Jatim Amanah,0,0,0,negative,"['waras', 'pajak', 'naik', 'ga', 'bakal', 'cukup', 'kalo', 'korupsi', 'nya', 'abis', 'gn']","['waras', 'Pajak', 'naik', 'ga', 'bakalan', 'cukup', 'kalo', 'korupsi', 'nya', 'abisan', 'gn']",1,https://x.com/undefined/status/1940700328221200779,1318219857863667713,
surabaya,Peci Merah cerita masa yllKorupsi meraja lela dan sampai skrg tak satupun yg ditangkapTangkap koruptor Bulshit omon doang  Postingan ini dibagikan via TikTok Lite Unduh TikTok Lite untuk menikmati postingan lainnya,1940692864910217348,2025-07-03 08:43:29+00:00,0,"['Peci', 'Merah', 'cerita', 'masa', 'yllKorupsi', 'meraja', 'lela', 'skrg', 'tak', 'satupun', 'yg', 'ditangkapTangkap', 'koruptor', 'Bulshit', 'omon', 'doang', 'Postingan', 'dibagikan', 'via', 'TikTok', 'Lite', 'Unduh', 'TikTok', 'Lite', 'menikmati', 'postingan', 'lainnya']",Peci Merah cerita masa yll.Korupsi meraja lela dan sampai skrg tak satupun yg ditangkap.Tangkap koruptor? Bulshit omon2 doang. https://t.co/2yaz3BamM9 Postingan ini dibagikan via TikTok Lite. Unduh TikTok Lite untuk menikmati postingan lainnya: https://t.co/84ajT1PMuQ,1940692864910217348,,,in,,Jatim Amanah,0,0,0,negative,"['peci', 'merah', 'cerita', 'masa', 'yllkorupsi', 'raja', 'lela', 'skrg', 'tak', 'satu', 'yg', 'ditangkaptangkap', 'koruptor', 'bulshit', 'omon', 'doang', 'postingan', 'bagi', 'via', 'tiktok', 'lite', 'unduh', 'tiktok', 'lite', 'nikmat', 'postingan', 'lain']","['Peci', 'Merah', 'cerita', 'masa', 'yllKorupsi', 'meraja', 'lela', 'dan', 'sampai', 'skrg', 'tak', 'satupun', 'yg', 'ditangkapTangkap', 'koruptor', 'Bulshit', 'omon', 'doang', 'Postingan', 'ini', 'dibagikan', 'via', 'TikTok', 'Lite', 'Unduh', 'TikTok', 'Lite', 'untuk', 'menikmati', 'postingan', 'lainnya']",1,https://x.com/undefined/status/1940692864910217348,1639157189792378882,
surabaya,Tapi ini di indonesia Hukum aja bisa dibeli korupsi T misalnya,1940653598763110710,2025-07-03 08:08:11+00:00,0,"['Tapi', 'indonesia', 'Hukum', 'aja', 'dibeli', 'korupsi', 'T', 'misalnya']",@semestinyasajaa Tapi ini di indonesia Hukum aja bisa dibeli korupsi 271T misalnya,1940683980501901417,,semestinyasajaa,in,,Jatim Amanah,0,0,0,negative,"['tapi', 'indonesia', 'hukum', 'aja', 'beli', 'korupsi', 't', 'misal']","['Tapi', 'ini', 'di', 'indonesia', 'Hukum', 'aja', 'bisa', 'dibeli', 'korupsi', 'T', 'misalnya']",0,https://x.com/undefined/status/1940683980501901417,1858911445599350785,
surabaya,Dah mahal di korupsi pula,1939957160622043575,2025-07-03 07:34:54+00:00,0,"['Dah', 'mahal', 'korupsi']",@ARSIPAJA Dah mahal di korupsi pula.,1940675603902214337,,ARSIPAJA,in,,Jatim Amanah,0,0,0,negative,"['dah', 'mahal', 'korupsi']","['Dah', 'mahal', 'di', 'korupsi', 'pula']",2,https://x.com/undefined/status/1940675603902214337,1190189716030648321,
surabaya,Pak  kami lebih tertarik bapak edukasi rakyat tentang korupsi yang merajalela,1940610436329885803,2025-07-03 05:13:33+00:00,2,"['Pak', 'lebih', 'tertarik', 'bapak', 'edukasi', 'rakyat', 'korupsi', 'merajalela']",@mohmahfudmd Pak @mohmahfudmd kami lebih tertarik bapak edukasi rakyat tentang korupsi yang merajalela ,1940640031657677316,,mohmahfudmd,in,,Jatim Amanah,0,0,0,positive,"['pak', 'lebih', 'tarik', 'bapak', 'edukasi', 'rakyat', 'korupsi', 'rajalela']","['Pak', 'kami', 'lebih', 'tertarik', 'bapak', 'edukasi', 'rakyat', 'tentang', 'korupsi', 'yang', 'merajalela']",0,https://x.com/undefined/status/1940640031657677316,1071433489226985472,
surabaya,rakyat jelata tau ada korupsi en duitnya banyak en kita tau juga gakan brenti korupsinya saking mengakar en kita tau hukum jg gakan berantas itu korupsi rakyat jelata juga tau korupsi bagian dr Indonesia kt cm baru tau n sadar bahwa profesi korupsi itu MENJANJIKAN BGT,1940382459897827622,2025-07-03 02:43:30+00:00,0,"['rakyat', 'jelata', 'tau', 'korupsi', 'en', 'duitnya', 'banyak', 'en', 'tau', 'gakan', 'brenti', 'korupsinya', 'saking', 'mengakar', 'en', 'tau', 'hukum', 'jg', 'gakan', 'berantas', 'korupsi', 'rakyat', 'jelata', 'tau', 'korupsi', 'bagian', 'dr', 'Indonesia', 'kt', 'cm', 'baru', 'tau', 'n', 'sadar', 'profesi', 'korupsi', 'MENJANJIKAN', 'BGT']",@Heraloebss rakyat jelata tau ada korupsi en duitnya banyak. en kita tau juga gakan brenti korupsinya saking mengakar. en kita tau hukum jg gakan berantas itu korupsi. rakyat jelata juga tau korupsi bagian dr Indonesia. kt cm baru tau n sadar bahwa profesi korupsi itu MENJANJIKAN BGT!!! ,1940602269843837178,,Heraloebss,in,,Jatim Amanah,0,0,0,negative,"['rakyat', 'jelata', 'tau', 'korupsi', 'en', 'duit', 'banyak', 'en', 'tau', 'gakan', 'brenti', 'korupsi', 'saking', 'akar', 'en', 'tau', 'hukum', 'jg', 'gakan', 'berantas', 'korupsi', 'rakyat', 'jelata', 'tau', 'korupsi', 'bagi', 'dr', 'indonesia', 'kt', 'cm', 'baru', 'tau', 'n', 'sadar', 'profesi', 'korupsi', 'janji', 'bgt']","['rakyat', 'jelata', 'tau', 'ada', 'korupsi', 'en', 'duitnya', 'banyak', 'en', 'kita', 'tau', 'juga', 'gakan', 'brenti', 'korupsinya', 'saking', 'mengakar', 'en', 'kita', 'tau', 'hukum', 'jg', 'gakan', 'berantas', 'itu', 'korupsi', 'rakyat', 'jelata', 'juga', 'tau', 'korupsi', 'bagian', 'dr', 'Indonesia', 'kt', 'cm', 'baru', 'tau', 'n', 'sadar', 'bahwa', 'profesi', 'korupsi', 'itu', 'MENJANJIKAN', 'BGT']",0,https://x.com/undefined/status/1940602269843837178,2459582018,
surabaya,bahrawi Itulah pahala bisa dibelimakanya religius sekalian korupsi,1940208563479355490,2025-07-03 01:52:27+00:00,1,"['bahrawi', 'Itulah', 'pahala', 'dibelimakanya', 'religius', 'sekalian', 'korupsi']",@hasyimmah @islah_bahrawi Itulah pahala bisa dibeli...makanya religius sekalian korupsi.,1940589424397766674,,hasyimmah,in,,Jatim Amanah,0,0,0,negative,"['bahrawi', 'itu', 'pahala', 'dibelimakanya', 'religius', 'sekali', 'korupsi']","['bahrawi', 'Itulah', 'pahala', 'bisa', 'dibelimakanya', 'religius', 'sekalian', 'korupsi']",0,https://x.com/undefined/status/1940589424397766674,1133003673217294337,
surabaya,PEJABAT YG KORUPSI MEMPERKAYA DIRI DAN KELOMPOKNYA ADALAH BINATANG YANG BERHATI IBLIS,1940376488232251796,2025-07-02 22:22:23+00:00,0,"['PEJABAT', 'YG', 'KORUPSI', 'MEMPERKAYA', 'DIRI', 'DAN', 'KELOMPOKNYA', 'ADALAH', 'BINATANG', 'YANG', 'BERHATI', 'IBLIS']",@KompasTV PEJABAT YG KORUPSI MEMPERKAYA DIRI DAN KELOMPOKNYA ADALAH BINATANG YANG BERHATI IBLIS.,1940536558370865637,,KompasTV,in,,Jatim Amanah,0,0,0,negative,"['jabat', 'yg', 'korupsi', 'kaya', 'diri', 'dan', 'kelompok', 'adalah', 'binatang', 'yang', 'hati', 'iblis']","['PEJABAT', 'YG', 'KORUPSI', 'MEMPERKAYA', 'DIRI', 'DAN', 'KELOMPOKNYA', 'ADALAH', 'BINATANG', 'YANG', 'BERHATI', 'IBLIS']",1,https://x.com/undefined/status/1940536558370865637,1844659299534135297,
surabaya,Mau sejarah version iron man ga ada pengaruh ke masyarakat Hantikan korupsi tanda tangan siap dihukum mati jika korupsi saat jadi pejabat turunkan harga kebutuhan pokok pendidikan murah itu baru ada pengaruh untuk masrkt Kami muak hidup susah pdhl negeri kami kaya raya,1940349062949265644,2025-07-02 21:11:18+00:00,0,"['Mau', 'sejarah', 'version', 'iron', 'man', 'ga', 'pengaruh', 'masyarakat', 'Hantikan', 'korupsi', 'tanda', 'tangan', 'siap', 'dihukum', 'mati', 'korupsi', 'jadi', 'pejabat', 'turunkan', 'harga', 'kebutuhan', 'pokok', 'pendidikan', 'murah', 'baru', 'pengaruh', 'masrkt', 'Kami', 'muak', 'hidup', 'susah', 'pdhl', 'negeri', 'kaya', 'raya']",@fadlizon Mau sejarah version iron man ga ada pengaruh ke masyarakat. Hantikan korupsi tanda tangan siap dihukum mati jika korupsi saat jadi pejabat turunkan harga kebutuhan pokok pendidikan murah itu baru ada pengaruh untuk masrkt. Kami muak hidup susah pdhl negeri kami kaya raya,1940518668003430504,,fadlizon,in,,Jatim Amanah,0,0,0,negative,"['mau', 'sejarah', 'version', 'iron', 'man', 'ga', 'pengaruh', 'masyarakat', 'hantikan', 'korupsi', 'tanda', 'tangan', 'siap', 'hukum', 'mati', 'korupsi', 'jadi', 'jabat', 'turun', 'harga', 'butuh', 'pokok', 'didik', 'murah', 'baru', 'pengaruh', 'masrkt', 'kami', 'muak', 'hidup', 'susah', 'pdhl', 'negeri', 'kaya', 'raya']","['Mau', 'sejarah', 'version', 'iron', 'man', 'ga', 'ada', 'pengaruh', 'ke', 'masyarakat', 'Hantikan', 'korupsi', 'tanda', 'tangan', 'siap', 'dihukum', 'mati', 'jika', 'korupsi', 'saat', 'jadi', 'pejabat', 'turunkan', 'harga', 'kebutuhan', 'pokok', 'pendidikan', 'murah', 'itu', 'baru', 'ada', 'pengaruh', 'untuk', 'masrkt', 'Kami', 'muak', 'hidup', 'susah', 'pdhl', 'negeri', 'kami', 'kaya', 'raya']",1,https://x.com/undefined/status/1940518668003430504,1171335517465534464,
surabaya,Asmara Dia sadar gak sih utang karena gaji mereka ayo menteri dan pejabat lainnya digaji UMR dan korupsi di hukum mati,1940297504521953534,2025-07-02 20:18:21+00:00,0,"['Asmara', 'Dia', 'sadar', 'gak', 'sih', 'utang', 'gaji', 'ayo', 'menteri', 'pejabat', 'lainnya', 'digaji', 'UMR', 'korupsi', 'hukum', 'mati']",@Mdy_Asmara1701 Dia sadar gak sih utang karena gaji mereka ayo menteri dan pejabat lainnya digaji UMR dan korupsi di hukum mati,1940505343102276082,,Mdy_Asmara1701,in,,Jatim Amanah,0,0,0,negative,"['asmara', 'dia', 'sadar', 'gak', 'sih', 'utang', 'gaji', 'ayo', 'menteri', 'jabat', 'lain', 'gaji', 'umr', 'korupsi', 'hukum', 'mati']","['Asmara', 'Dia', 'sadar', 'gak', 'sih', 'utang', 'karena', 'gaji', 'mereka', 'ayo', 'menteri', 'dan', 'pejabat', 'lainnya', 'digaji', 'UMR', 'dan', 'korupsi', 'di', 'hukum', 'mati']",2,https://x.com/undefined/status/1940505343102276082,1794178272928071680,
surabaya,RI Dengan adanya org baru jabat n uda korupsi aja itu sangat tdk wajar kalo tdk ada org besar di belakangnya,1940026486905532710,2025-07-02 18:51:39+00:00,0,"['RI', 'Dengan', 'adanya', 'org', 'baru', 'jabat', 'n', 'uda', 'korupsi', 'aja', 'sangat', 'tdk', 'wajar', 'kalo', 'tdk', 'org', 'besar', 'belakangnya']",@MARQUEZ__93 @KPK_RI Dengan adanya org baru jabat n uda korupsi aja itu sangat tdk wajar kalo tdk ada org besar di belakangnya..,1940483526803313053,,MARQUEZ__93,in,,Jatim Amanah,0,0,0,negative,"['ri', 'dengan', 'ada', 'org', 'baru', 'jabat', 'n', 'uda', 'korupsi', 'aja', 'sangat', 'tdk', 'wajar', 'kalo', 'tdk', 'org', 'besar', 'belakang']","['RI', 'Dengan', 'adanya', 'org', 'baru', 'jabat', 'n', 'uda', 'korupsi', 'aja', 'itu', 'sangat', 'tdk', 'wajar', 'kalo', 'tdk', 'ada', 'org', 'besar', 'di', 'belakangnya']",1,https://x.com/undefined/status/1940483526803313053,997945964378796032,
surabaya,waras Sektor korupsi yg hanya bisa menutup utang negara,1940021237973229747,2025-07-02 18:21:05+00:00,0,"['waras', 'Sektor', 'korupsi', 'yg', 'menutup', 'utang', 'negara']",@abu_waras Sektor korupsi yg hanya bisa menutup utang negara,1940475832692338882,,abu_waras,in,,Jatim Amanah,0,0,0,negative,"['waras', 'sektor', 'korupsi', 'yg', 'tutup', 'utang', 'negara']","['waras', 'Sektor', 'korupsi', 'yg', 'hanya', 'bisa', 'menutup', 'utang', 'negara']",0,https://x.com/undefined/status/1940475832692338882,1318219857863667713,
surabaya,Baru di angkat trus kena kasus korupsi besar  Logikanya ya gk mungkin pasti ada org besar di balik itu semua,1940462596660121624,2025-07-02 17:28:29+00:00,1,"['Baru', 'angkat', 'trus', 'kena', 'kasus', 'korupsi', 'besar', 'Logikanya', 'gk', 'mungkin', 'org', 'besar', 'balik', 'semua']",Baru di angkat trus kena kasus korupsi besar . Logikanya ya gk mungkin pasti ada org besar di balik itu semua.,1940462596660121624,,,in,,Jatim Amanah,0,0,0,negative,"['baru', 'angkat', 'trus', 'kena', 'kasus', 'korupsi', 'besar', 'logika', 'gk', 'mungkin', 'org', 'besar', 'balik', 'semua']","['Baru', 'di', 'angkat', 'trus', 'kena', 'kasus', 'korupsi', 'besar', 'Logikanya', 'ya', 'gk', 'mungkin', 'pasti', 'ada', 'org', 'besar', 'di', 'balik', 'itu', 'semua']",1,https://x.com/undefined/status/1940462596660121624,997945964378796032,
surabaya,korupsi yang banyak di pemerintahan,1940438716063027267,2025-07-02 17:15:34+00:00,0,"['korupsi', 'banyak', 'pemerintahan']",@unmagnetism korupsi yang banyak di pemerintahan,1940459346481369114,,unmagnetism,in,,Jatim Amanah,0,0,0,negative,"['korupsi', 'banyak', 'perintah']","['korupsi', 'yang', 'banyak', 'di', 'pemerintahan']",0,https://x.com/undefined/status/1940459346481369114,1190285230726189058,
surabaya,Bansos pilpres  apa sdh di auditKalo ditemukan korupsi siapa yg berani periksa,1940438141455983040,2025-07-02 15:51:19+00:00,0,"['Bansos', 'pilpres', 'apa', 'sdh', 'auditKalo', 'ditemukan', 'korupsi', 'siapa', 'yg', 'berani', 'periksa']",Bansos pilpres 2024 apa sdh di audit?Kalo ditemukan korupsi siapa yg berani periksa?,1940438141455983040,,,in,,Jatim Sejahtera,0,0,0,negative,"['bansos', 'pilpres', 'apa', 'sdh', 'auditkalo', 'temu', 'korupsi', 'siapa', 'yg', 'berani', 'periksa']","['Bansos', 'pilpres', 'apa', 'sdh', 'di', 'auditKalo', 'ditemukan', 'korupsi', 'siapa', 'yg', 'berani', 'periksa']",0,https://x.com/undefined/status/1940438141455983040,1639157189792378882,
surabaya,tidak adil kenapa Mendag sebelum dan sesudah TL tidak ditahan juga Kenapa hanya TL TL tdk ada mengambil sedikitpun uang yg disebut korupsi tsb Kejaksaan tidak adil,1940256118120591466,2025-07-02 14:01:00+00:00,1,"['adil', 'Mendag', 'TL', 'ditahan', 'Kenapa', 'TL', 'TL', 'tdk', 'mengambil', 'sedikitpun', 'uang', 'yg', 'disebut', 'korupsi', 'tsb', 'Kejaksaan', 'adil']",@CNNIndonesia @KejaksaanRI tidak adil kenapa Mendag sebelum dan sesudah TL tidak ditahan juga? Kenapa hanya TL? TL tdk ada mengambil sedikitpun uang yg disebut korupsi tsb. Kejaksaan tidak adil,1940410380448317473,,CNNIndonesia,in,,Jatim Amanah,0,0,1,negative,"['adil', 'mendag', 'tl', 'tahan', 'kenapa', 'tl', 'tl', 'tdk', 'ambil', 'sedikit', 'uang', 'yg', 'sebut', 'korupsi', 'tsb', 'jaksa', 'adil']","['tidak', 'adil', 'kenapa', 'Mendag', 'sebelum', 'dan', 'sesudah', 'TL', 'tidak', 'ditahan', 'juga', 'Kenapa', 'hanya', 'TL', 'TL', 'tdk', 'ada', 'mengambil', 'sedikitpun', 'uang', 'yg', 'disebut', 'korupsi', 'tsb', 'Kejaksaan', 'tidak', 'adil']",1,https://x.com/undefined/status/1940410380448317473,1603768816189988865,
surabaya,Korupsi tuh diurusin Pak,1940395059264070061,2025-07-02 13:11:39+00:00,1,"['Korupsi', 'tuh', 'diurusin', 'Pak']",@FiinaDu Korupsi tuh diurusin Pak ,1940397960598335781,,FiinaDu,in,,Jatim Amanah,0,1,0,negative,"['korupsi', 'tuh', 'diurusin', 'pak']","['Korupsi', 'tuh', 'diurusin', 'Pak']",0,https://x.com/undefined/status/1940397960598335781,1869995130742362112,
surabaya,Silalahi Hutang d buat pembangunan yg tdk produktif jg d korupsi,1940376356375994831,2025-07-02 12:01:16+00:00,0,"['Silalahi', 'Hutang', 'd', 'buat', 'pembangunan', 'yg', 'tdk', 'produktif', 'jg', 'd', 'korupsi']",@Nicho_Silalahi Hutang d buat pembangunan yg tdk produktif jg d korupsi,1940380250741096595,,Nicho_Silalahi,in,,Jatim Amanah,0,0,0,negative,"['silalahi', 'hutang', 'd', 'buat', 'bangun', 'yg', 'tdk', 'produktif', 'jg', 'd', 'korupsi']","['Silalahi', 'Hutang', 'd', 'buat', 'pembangunan', 'yg', 'tdk', 'produktif', 'jg', 'd', 'korupsi']",0,https://x.com/undefined/status/1940380250741096595,1642627278789283840,
surabaya,Taeeek taek Sik akehan korupsi Pertamina timbang kas negara,1940330047258423448,2025-07-02 08:41:47+00:00,0,"['Taeeek', 'taek', 'Sik', 'akehan', 'korupsi', 'Pertamina', 'timbang', 'kas', 'negara']",Taeeek taek.. Sik akehan korupsi Pertamina timbang kas negara ,1940330047258423448,,,in,,Jatim Amanah,0,0,0,negative,"['taeeek', 'taek', 'sik', 'akehan', 'korupsi', 'pertamina', 'timbang', 'kas', 'negara']","['Taeeek', 'taek', 'Sik', 'akehan', 'korupsi', 'Pertamina', 'timbang', 'kas', 'negara']",0,https://x.com/undefined/status/1940330047258423448,241945124,
surabaya,Yg diatas korupsi besaran yg dibawah disuruh taat pajak Kalo perlu objek pajaknya ditambah Ini negara apa rentenir sih,1940298177955217497,2025-07-02 07:53:35+00:00,0,"['Yg', 'diatas', 'korupsi', 'besaran', 'yg', 'dibawah', 'disuruh', 'taat', 'pajak', 'Kalo', 'perlu', 'objek', 'pajaknya', 'ditambah', 'Ini', 'negara', 'apa', 'rentenir', 'sih']",@kompascom Yg diatas korupsi besar2an yg dibawah disuruh taat pajak. Kalo perlu objek pajaknya ditambah. Ini negara apa rentenir sih ?,1940317915397726272,,kompascom,in,,Jatim Amanah,0,0,0,negative,"['yg', 'atas', 'korupsi', 'besar', 'yg', 'bawah', 'suruh', 'taat', 'pajak', 'kalo', 'perlu', 'objek', 'pajak', 'tambah', 'ini', 'negara', 'apa', 'rentenir', 'sih']","['Yg', 'diatas', 'korupsi', 'besaran', 'yg', 'dibawah', 'disuruh', 'taat', 'pajak', 'Kalo', 'perlu', 'objek', 'pajaknya', 'ditambah', 'Ini', 'negara', 'apa', 'rentenir', 'sih']",1,https://x.com/undefined/status/1940317915397726272,2429245788,
surabaya,kalau ini gak di hukum mati maka perang lawan korupsi blum jalan pak,1939968752784654458,2025-07-02 06:34:30+00:00,0,"['kalau', 'gak', 'hukum', 'mati', 'perang', 'lawan', 'korupsi', 'blum', 'jalan', 'pak']",@txtdrimedia kalau ini gak di hukum mati maka perang lawan korupsi blum jalan pak @prabowo,1940298017372066013,,txtdrimedia,in,,Jatim Amanah,0,0,0,negative,"['kalau', 'gak', 'hukum', 'mati', 'perang', 'lawan', 'korupsi', 'blum', 'jalan', 'pak']","['kalau', 'ini', 'gak', 'di', 'hukum', 'mati', 'maka', 'perang', 'lawan', 'korupsi', 'blum', 'jalan', 'pak']",2,https://x.com/undefined/status/1940298017372066013,1147133785944674305,
surabaya,Solusi nya Presiden harus tegas Korupsi di berantas Pemiskinan keluarga koruptor Hasil nya di kelola dgn transparan Dan prioritas kan ke pendidikan  kesehatan Jangan malah beli mainan robotan gaje,1940023344545534236,2025-07-02 04:07:42+00:00,0,"['Solusi', 'nya', 'Presiden', 'tegas', 'Korupsi', 'berantas', 'Pemiskinan', 'keluarga', 'koruptor', 'Hasil', 'nya', 'kelola', 'dgn', 'transparan', 'Dan', 'prioritas', 'kan', 'pendidikan', 'kesehatan', 'Jangan', 'malah', 'beli', 'mainan', 'robotan', 'gaje']",@PepperBrunch @ardisatriawan Solusi nya Presiden harus tegas Korupsi di berantas Pemiskinan keluarga koruptor Hasil nya di kelola dgn transparan Dan prioritas kan ke pendidikan + kesehatan. Jangan malah beli mainan robot2an gaje,1940261071711084785,,PepperBrunch,in,,Jatim Amanah,0,0,0,negative,"['solusi', 'nya', 'presiden', 'tegas', 'korupsi', 'berantas', 'miskin', 'keluarga', 'koruptor', 'hasil', 'nya', 'kelola', 'dgn', 'transparan', 'dan', 'prioritas', 'kan', 'didik', 'sehat', 'jangan', 'malah', 'beli', 'main', 'robot', 'gaje']","['Solusi', 'nya', 'Presiden', 'harus', 'tegas', 'Korupsi', 'di', 'berantas', 'Pemiskinan', 'keluarga', 'koruptor', 'Hasil', 'nya', 'di', 'kelola', 'dgn', 'transparan', 'Dan', 'prioritas', 'kan', 'ke', 'pendidikan', 'kesehatan', 'Jangan', 'malah', 'beli', 'mainan', 'robotan', 'gaje']",0,https://x.com/undefined/status/1940261071711084785,492721115,
surabaya,Nah ini benar Mengurangi potensi korupsi,1940191185567650010,2025-07-02 01:18:50+00:00,0,"['Nah', 'benar', 'Mengurangi', 'potensi', 'korupsi']",@mediaindonesia Nah ini benar. Mengurangi potensi korupsi.,1940218573416538280,,mediaindonesia,in,,Jatim Amanah,0,0,0,positive,"['nah', 'benar', 'kurang', 'potensi', 'korupsi']","['Nah', 'ini', 'benar', 'Mengurangi', 'potensi', 'korupsi']",2,https://x.com/undefined/status/1940218573416538280,1603768816189988865,
surabaya,PrasKe Ogi     chotimah     Food tray harga  bs jadi  Kyk korupsi Chromebook,1939980520710185400,2025-07-02 00:36:55+00:00,0,"['PrasKe', 'Ogi', 'chotimah', 'Food', 'tray', 'harga', 'bs', 'jadi', 'Kyk', 'korupsi', 'Chromebook']",@Ary_PrasKe2 @Anak__Ogi @AntoniusCDN @BebySoSweet @Bersinar2023 @BiLLRaY2019 @ch_chotimah2 @HumorJonTampan @jhonsitorus_19 @newIding30 @NgkongRoses Food tray harga 5000 bs jadi 50.000 Kyk korupsi Chromebook ,1940208024557322680,,Ary_PrasKe2,in,,Jatim Amanah,0,0,0,positive,"['praske', 'ogi', 'chotimah', 'food', 'tray', 'harga', 'bs', 'jadi', 'kyk', 'korupsi', 'chromebook']","['PrasKe', 'Ogi', 'chotimah', 'Food', 'tray', 'harga', 'bs', 'jadi', 'Kyk', 'korupsi', 'Chromebook']",2,https://x.com/undefined/status/1940208024557322680,156849327,
surabaya,Perlu dipertanyakan sih jutanya kemana Bukan soal bersyukur ngga bersyukurnya Liat yg udah udah takutnya itu dana di korupsi,1939300540258906160,2025-07-01 21:01:06+00:00,0,"['Perlu', 'dipertanyakan', 'sih', 'jutanya', 'Bukan', 'soal', 'bersyukur', 'ngga', 'bersyukurnya', 'Liat', 'yg', 'udah', 'udah', 'takutnya', 'dana', 'korupsi']",@txtdrimedia Perlu dipertanyakan sih 50jutanya kemana Bukan soal bersyukur/ ngga bersyukurnya. Liat yg udah udah takutnya itu dana di korupsi,1940153714997961045,,txtdrimedia,in,,Jatim Amanah,0,0,0,negative,"['perlu', 'tanya', 'sih', 'juta', 'bukan', 'soal', 'syukur', 'ngga', 'syukur', 'liat', 'yg', 'udah', 'udah', 'takut', 'dana', 'korupsi']","['Perlu', 'dipertanyakan', 'sih', 'jutanya', 'kemana', 'Bukan', 'soal', 'bersyukur', 'ngga', 'bersyukurnya', 'Liat', 'yg', 'udah', 'udah', 'takutnya', 'itu', 'dana', 'di', 'korupsi']",0,https://x.com/undefined/status/1940153714997961045,257805120,
surabaya,Korupsi kok terus ‍️,1940071238770295088,2025-07-01 15:33:22+00:00,2,"['Korupsi', 'kok', 'terus', '\u200d️']",Korupsi kok terus ‍️,1940071238770295088,,,in,,Jatim Amanah,0,0,0,negative,"['korupsi', 'kok', 'terus', '']","['Korupsi', 'kok', 'terus', '\u200d️']",0,https://x.com/undefined/status/1940071238770295088,560276041,
surabaya,budal isuk moleh bengi tapi tetep ae kalah sogeh ambek wong sg korupsi,1940058747243819358,2025-07-01 14:43:44+00:00,5,"['budal', 'isuk', 'moleh', 'bengi', 'tetep', 'ae', 'kalah', 'sogeh', 'ambek', 'wong', 'sg', 'korupsi']",budal isuk moleh bengi tapi tetep ae kalah sogeh ambek wong sg korupsi,1940058747243819358,,,in,,Jatim Amanah,0,2,0,negative,"['budal', 'isuk', 'moleh', 'bengi', 'tetep', 'ae', 'kalah', 'sogeh', 'ambek', 'wong', 'sg', 'korupsi']","['budal', 'isuk', 'moleh', 'bengi', 'tapi', 'tetep', 'ae', 'kalah', 'sogeh', 'ambek', 'wong', 'sg', 'korupsi']",1,https://x.com/undefined/status/1940058747243819358,700807525,
pamekasan,Mending korupsi Enak banget taun,1939651719287476612,2025-07-01 11:19:34+00:00,1,"['Mending', 'korupsi', 'Enak', 'banget', 'taun']",@HisyamMochtar Mending korupsi... Enak banget 3taun...,1940007368793956797,,HisyamMochtar,in,,Jatim Amanah,0,0,0,negative,"['mending', 'korupsi', 'enak', 'banget', 'taun']","['Mending', 'korupsi', 'Enak', 'banget', 'taun']",0,https://x.com/undefined/status/1940007368793956797,1484719556564512768,
pamekasan,Negeri kok juara KORUPSI,1939818310104961415,2025-06-30 23:17:35+00:00,1,"['Negeri', 'kok', 'juara', 'KORUPSI']",@bangherwin Negeri kok juara KORUPSI!,1939825672085807434,,bangherwin,in,,Jatim Amanah,0,0,0,negative,"['negeri', 'kok', 'juara', 'korupsi']","['Negeri', 'kok', 'juara', 'KORUPSI']",0,https://x.com/undefined/status/1939825672085807434,1651777960226226177,
pamekasan,Anti Korupsi yang disampaikan oleh Kepala Seksi Pelaksanaan Audit IA dilanjutkan dengan penyampaian materi Fasilitas Kawasan Berikat oleh Direktorat Fasilitas Kepabeanan dan Cukai Materi terakhir yang disampaikan yaitu Pemaparan Hasil Audit atas Fasilitas Kawasan Berikat oleh,1939632199491608828,2025-06-30 10:32:21+00:00,0,"['Anti', 'Korupsi', 'disampaikan', 'Kepala', 'Seksi', 'Pelaksanaan', 'Audit', 'IA', 'dilanjutkan', 'penyampaian', 'materi', 'Fasilitas', 'Kawasan', 'Berikat', 'Direktorat', 'Fasilitas', 'Kepabeanan', 'Cukai', 'Materi', 'terakhir', 'disampaikan', 'Pemaparan', 'Hasil', 'Audit', 'atas', 'Fasilitas', 'Kawasan', 'Berikat']",Anti Korupsi yang disampaikan oleh Kepala Seksi Pelaksanaan Audit IA dilanjutkan dengan penyampaian materi Fasilitas Kawasan Berikat oleh Direktorat Fasilitas Kepabeanan dan Cukai. Materi terakhir yang disampaikan yaitu Pemaparan Hasil Audit atas Fasilitas Kawasan Berikat oleh,1939633098565771279,,bckanwilbanten,in,,Jatim Amanah,0,1,0,positive,"['anti', 'korupsi', 'sampai', 'kepala', 'seksi', 'laksana', 'audit', 'ia', 'lanjut', 'sampai', 'materi', 'fasilitas', 'kawasan', 'ikat', 'direktorat', 'fasilitas', 'pabean', 'cukai', 'materi', 'akhir', 'sampai', 'papar', 'hasil', 'audit', 'atas', 'fasilitas', 'kawasan', 'ikat']","['Anti', 'Korupsi', 'yang', 'disampaikan', 'oleh', 'Kepala', 'Seksi', 'Pelaksanaan', 'Audit', 'IA', 'dilanjutkan', 'dengan', 'penyampaian', 'materi', 'Fasilitas', 'Kawasan', 'Berikat', 'oleh', 'Direktorat', 'Fasilitas', 'Kepabeanan', 'dan', 'Cukai', 'Materi', 'terakhir', 'yang', 'disampaikan', 'yaitu', 'Pemaparan', 'Hasil', 'Audit', 'atas', 'Fasilitas', 'Kawasan', 'Berikat', 'oleh']",0,https://x.com/undefined/status/1939633098565771279,1218465710583627778,
pamekasan,Satu Partai juara Korupsi,1893371499391697056,2025-02-23 02:09:31+00:00,0,"['Satu', 'Partai', 'juara', 'Korupsi']",@Iren86916413 @Dennysiregar7 Satu Partai juara Korupsi ,1893483294840193296,,Iren86916413,in,,Jatim Amanah,0,0,0,positive,"['satu', 'partai', 'juara', 'korupsi']","['Satu', 'Partai', 'juara', 'Korupsi']",0,https://x.com/undefined/status/1893483294840193296,2479301678,
pamekasan,wedok ar Juara korupsi,1892871937904562761,2025-02-23 02:08:59+00:00,0,"['wedok', 'ar', 'Juara', 'korupsi']",@Lambe_wedok @muchlis_ar Juara korupsi ,1893483159435481355,,Lambe_wedok,in,,Jatim Amanah,0,1,0,negative,"['wedok', 'ar', 'juara', 'korupsi']","['wedok', 'ar', 'Juara', 'korupsi']",2,https://x.com/undefined/status/1893483159435481355,2479301678,
pamekasan,Terkenal dan kaya itu bukan tujuan itu dampak dari elu melakukan sesuatu dengan baik Kalo kaya jadi tujuan jalan pintasnya banyak korupsi salah satunya tapi kaya adl dampak dari kerja keras lu fokus lu jadi gimana caranya gw bikin sesuatu yg baik,1795339025114611790,2024-05-28 06:19:14+00:00,0,"['Terkenal', 'kaya', 'bukan', 'tujuan', 'dampak', 'elu', 'melakukan', 'baik', 'Kalo', 'kaya', 'jadi', 'tujuan', 'jalan', 'pintasnya', 'banyak', 'korupsi', 'salah', 'satunya', 'kaya', 'adl', 'dampak', 'kerja', 'keras', 'lu', 'fokus', 'lu', 'jadi', 'gimana', 'caranya', 'gw', 'bikin', 'yg', 'baik']",Terkenal dan kaya itu bukan tujuan itu dampak dari elu melakukan sesuatu dengan baik. Kalo kaya jadi tujuan jalan pintasnya banyak korupsi salah satunya tapi kaya adl dampak dari kerja keras lu fokus lu jadi gimana caranya gw bikin sesuatu yg baik. @pandji,1795339025114611790,,,in,,Jatim Amanah,0,0,0,positive,"['kenal', 'kaya', 'bukan', 'tuju', 'dampak', 'elu', 'laku', 'baik', 'kalo', 'kaya', 'jadi', 'tuju', 'jalan', 'pintas', 'banyak', 'korupsi', 'salah', 'satu', 'kaya', 'adl', 'dampak', 'kerja', 'keras', 'lu', 'fokus', 'lu', 'jadi', 'gimana', 'cara', 'gw', 'bikin', 'yg', 'baik']","['Terkenal', 'dan', 'kaya', 'itu', 'bukan', 'tujuan', 'itu', 'dampak', 'dari', 'elu', 'melakukan', 'sesuatu', 'dengan', 'baik', 'Kalo', 'kaya', 'jadi', 'tujuan', 'jalan', 'pintasnya', 'banyak', 'korupsi', 'salah', 'satunya', 'tapi', 'kaya', 'adl', 'dampak', 'dari', 'kerja', 'keras', 'lu', 'fokus', 'lu', 'jadi', 'gimana', 'caranya', 'gw', 'bikin', 'sesuatu', 'yg', 'baik']",2,https://x.com/undefined/status/1795339025114611790,938425477890371584,
pamekasan,Jangan sampai para menteri yg harusnya menjadi panutan bangsa malah menjadi pecundang karena terjebak dalam sistem yg busuk dan berbahaya AMIN   ingin bersihbersih birokrasi agar Indonesia terbebas dari korupsi,1730593376326787159,2023-12-01 14:23:08+00:00,0,"['Jangan', 'menteri', 'yg', 'harusnya', 'menjadi', 'panutan', 'bangsa', 'malah', 'menjadi', 'pecundang', 'terjebak', 'sistem', 'yg', 'busuk', 'berbahaya', 'AMIN', 'bersihbersih', 'birokrasi', 'Indonesia', 'terbebas', 'korupsi']",Jangan sampai para menteri yg harusnya menjadi panutan bangsa malah menjadi pecundang karena terjebak dalam sistem yg busuk dan berbahaya. AMIN @aniesbaswedan @cakimiNOW ingin bersih-bersih birokrasi agar Indonesia terbebas dari korupsi! #BirokrasiBersihAMIN #AniesMuhaimin2024 https://t.co/qgUestixk9,1730593376326787159,https://pbs.twimg.com/media/GARNgMeaYAA4h22.jpg,,in,,Jatim Amanah,0,0,0,negative,"['jangan', 'menteri', 'yg', 'harus', 'jadi', 'panutan', 'bangsa', 'malah', 'jadi', 'cundang', 'jebak', 'sistem', 'yg', 'busuk', 'bahaya', 'amin', 'bersihbersih', 'birokrasi', 'indonesia', 'bebas', 'korupsi']","['Jangan', 'sampai', 'para', 'menteri', 'yg', 'harusnya', 'menjadi', 'panutan', 'bangsa', 'malah', 'menjadi', 'pecundang', 'karena', 'terjebak', 'dalam', 'sistem', 'yg', 'busuk', 'dan', 'berbahaya', 'AMIN', 'ingin', 'bersihbersih', 'birokrasi', 'agar', 'Indonesia', 'terbebas', 'dari', 'korupsi']",0,https://x.com/undefined/status/1730593376326787159,1603010042147799040,
pamekasan,Kantor Imigrasi Kelas II Non TPI Pamekasan terus berupaya untuk mempertahankan pelayanan prima kepada masyarakat salah satu upaya tersebut adalah dengan melakukan survey Indeks Kepuasan Masyarakat dan Indeks Persepsi Korupsi secara berkala  ⁣,1706102913507217652,2023-09-25 00:26:47+00:00,0,"['Kantor', 'Imigrasi', 'Kelas', 'II', 'Non', 'TPI', 'Pamekasan', 'terus', 'berupaya', 'mempertahankan', 'pelayanan', 'prima', 'masyarakat', 'salah', 'satu', 'upaya', 'tersebut', 'melakukan', 'survey', 'Indeks', 'Kepuasan', 'Masyarakat', 'Indeks', 'Persepsi', 'Korupsi', 'berkala', '\u2063']",Kantor Imigrasi Kelas II Non TPI Pamekasan terus berupaya untuk mempertahankan pelayanan prima kepada masyarakat salah satu upaya tersebut adalah dengan melakukan survey Indeks Kepuasan Masyarakat dan Indeks Persepsi Korupsi secara berkala. #SurveyIPKIKM #ImigrasiPamekasan⁣ https://t.co/z8uH9Ez7Wy,1706102913507217652,https://pbs.twimg.com/media/F61Ljt7bYAApQaw.jpg,,in,,Jatim Amanah,0,0,0,positive,"['kantor', 'imigrasi', 'kelas', 'ii', 'non', 'tpi', 'pamekasan', 'terus', 'upaya', 'tahan', 'layan', 'prima', 'masyarakat', 'salah', 'satu', 'upaya', 'sebut', 'laku', 'survey', 'indeks', 'puas', 'masyarakat', 'indeks', 'persepsi', 'korupsi', 'kala', '']","['Kantor', 'Imigrasi', 'Kelas', 'II', 'Non', 'TPI', 'Pamekasan', 'terus', 'berupaya', 'untuk', 'mempertahankan', 'pelayanan', 'prima', 'kepada', 'masyarakat', 'salah', 'satu', 'upaya', 'tersebut', 'adalah', 'dengan', 'melakukan', 'survey', 'Indeks', 'Kepuasan', 'Masyarakat', 'dan', 'Indeks', 'Persepsi', 'Korupsi', 'secara', 'berkala', '\u2063']",2,https://x.com/undefined/status/1706102913507217652,1152993870,
pamekasan,Netizen Dukung Partai Socmed Bongkar Dugaan Korupsi PT WUS dan Spill Rumah Mewah Bupati Fauzi,1684060489188528129,2023-07-26 04:38:03+00:00,0,"['Netizen', 'Dukung', 'Partai', 'Socmed', 'Bongkar', 'Dugaan', 'Korupsi', 'PT', 'WUS', 'Spill', 'Rumah', 'Mewah', 'Bupati', 'Fauzi']",Netizen Dukung Partai Socmed Bongkar Dugaan Korupsi PT WUS dan Spill Rumah Mewah Bupati Fauzi https://t.co/woMKhpmZfJ,1684060489188528129,,,in,,Jatim Amanah,0,0,0,positive,"['netizen', 'dukung', 'partai', 'socmed', 'bongkar', 'duga', 'korupsi', 'pt', 'wus', 'spill', 'rumah', 'mewah', 'bupati', 'fauzi']","['Netizen', 'Dukung', 'Partai', 'Socmed', 'Bongkar', 'Dugaan', 'Korupsi', 'PT', 'WUS', 'dan', 'Spill', 'Rumah', 'Mewah', 'Bupati', 'Fauzi']",0,https://x.com/undefined/status/1684060489188528129,1654444745303945216,
pamekasan,Kejagung Usut Aliran Dana Korupsi BTS,1660652712755712004,2023-05-22 14:23:54+00:00,0,"['Kejagung', 'Usut', 'Aliran', 'Dana', 'Korupsi', 'BTS']",Kejagung Usut Aliran Dana Korupsi BTS https://t.co/OTfFuWnxps,1660652712755712004,,,in,,Jatim Amanah,0,0,0,negative,"['jagung', 'usut', 'alir', 'dana', 'korupsi', 'bts']","['Kejagung', 'Usut', 'Aliran', 'Dana', 'Korupsi', 'BTS']",0,https://x.com/undefined/status/1660652712755712004,1654444745303945216,
pamekasan,Balas Sindiran Anies Ganjarian Spartan Biasa Manja Naik Jet Pribadi Eh Teman Ditangkap Korupsi Rp  T,1660185209537720320,2023-05-21 07:26:13+00:00,0,"['Balas', 'Sindiran', 'Anies', 'Ganjarian', 'Spartan', 'Biasa', 'Manja', 'Naik', 'Jet', 'Pribadi', 'Eh', 'Teman', 'Ditangkap', 'Korupsi', 'Rp', 'T']",Balas Sindiran Anies Ganjarian Spartan: Biasa Manja Naik Jet Pribadi Eh Teman Ditangkap Korupsi Rp 8 T #Pilpres2024 #AniesBaswedan #ganjarian https://t.co/9bTOAjFFGh,1660185209537720320,,,in,,Jatim Amanah,0,0,0,positive,"['balas', 'sindir', 'anies', 'ganjarian', 'spartan', 'biasa', 'manja', 'naik', 'jet', 'pribadi', 'eh', 'teman', 'tangkap', 'korupsi', 'rp', 't']","['Balas', 'Sindiran', 'Anies', 'Ganjarian', 'Spartan', 'Biasa', 'Manja', 'Naik', 'Jet', 'Pribadi', 'Eh', 'Teman', 'Ditangkap', 'Korupsi', 'Rp', 'T']",1,https://x.com/undefined/status/1660185209537720320,1654444745303945216,
pamekasan,Tahun Pemerintahan Jokowi  Menteri Tersandung Korupsi,1659205173183676423,2023-05-18 14:31:54+00:00,0,"['Tahun', 'Pemerintahan', 'Jokowi', 'Menteri', 'Tersandung', 'Korupsi']",8 Tahun Pemerintahan Jokowi 5 Menteri Tersandung Korupsi https://t.co/oEkydDOaoz,1659205173183676423,,,in,,Jatim Amanah,0,0,0,positive,"['tahun', 'perintah', 'jokowi', 'menteri', 'sandung', 'korupsi']","['Tahun', 'Pemerintahan', 'Jokowi', 'Menteri', 'Tersandung', 'Korupsi']",2,https://x.com/undefined/status/1659205173183676423,1654444745303945216,
pamekasan,Usai Sekjen Nasdem Jadi Tersangka Korupsi Anies Baswedan Bicara Tuhan dan Kebenaran,1659011318094131200,2023-05-18 01:41:35+00:00,0,"['Usai', 'Sekjen', 'Nasdem', 'Jadi', 'Tersangka', 'Korupsi', 'Anies', 'Baswedan', 'Bicara', 'Tuhan', 'Kebenaran']",Usai Sekjen Nasdem Jadi Tersangka Korupsi Anies Baswedan Bicara Tuhan dan Kebenaran https://t.co/7AyBy2Mzbw,1659011318094131200,,,in,,Jatim Amanah,0,0,0,positive,"['usai', 'sekjen', 'nasdem', 'jadi', 'sangka', 'korupsi', 'anies', 'baswedan', 'bicara', 'tuhan', 'benar']","['Usai', 'Sekjen', 'Nasdem', 'Jadi', 'Tersangka', 'Korupsi', 'Anies', 'Baswedan', 'Bicara', 'Tuhan', 'dan', 'Kebenaran']",1,https://x.com/undefined/status/1659011318094131200,1654444745303945216,
pamekasan,PDIP jangan diajak dia pelaku utama menghalanghalangi RUU perampasan aset biar bisa korupsi terus,1642478428585857024,2023-04-02 12:25:19+00:00,0,"['PDIP', 'jangan', 'diajak', 'pelaku', 'utama', 'menghalanghalangi', 'RUU', 'perampasan', 'aset', 'biar', 'korupsi', 'terus']",@kompascom PDIP jangan diajak dia pelaku utama menghalang-halangi RUU perampasan aset biar bisa korupsi terus,1642503477355225088,,kompascom,in,,Jatim Amanah,0,0,0,negative,"['pdip', 'jangan', 'ajak', 'laku', 'utama', 'menghalanghalangi', 'ruu', 'ampas', 'aset', 'biar', 'korupsi', 'terus']","['PDIP', 'jangan', 'diajak', 'dia', 'pelaku', 'utama', 'menghalanghalangi', 'RUU', 'perampasan', 'aset', 'biar', 'bisa', 'korupsi', 'terus']",0,https://x.com/undefined/status/1642503477355225088,1477244055062941698,
pamekasan,Pengembalian uang korupsi tidak menghentikan kasus pidananya,1635639367774470147,2023-03-14 16:10:43+00:00,0,"['Pengembalian', 'uang', 'korupsi', 'menghentikan', 'kasus', 'pidananya']",@Sukardi2017 Pengembalian uang korupsi tidak menghentikan kasus pidananya,1635674830837280769,,Sukardi2017,in,,Jatim Amanah,0,0,0,positive,"['kembali', 'uang', 'korupsi', 'henti', 'kasus', 'pidana']","['Pengembalian', 'uang', 'korupsi', 'tidak', 'menghentikan', 'kasus', 'pidananya']",1,https://x.com/undefined/status/1635674830837280769,1477244055062941698,
pamekasan,Anehnya banyak proyek yg mangkrak selama sepuluh tahun yg menyuburkan budaya korupsi,1631550460200120320,2023-03-03 22:59:04+00:00,1,"['Anehnya', 'banyak', 'proyek', 'yg', 'mangkrak', 'selama', 'sepuluh', 'tahun', 'yg', 'menyuburkan', 'budaya', 'korupsi']",@merdekadotcom Anehnya banyak proyek yg mangkrak selama sepuluh tahun yg menyuburkan budaya korupsi,1631791328089759745,,merdekadotcom,in,,Jatim Amanah,0,0,0,negative,"['aneh', 'banyak', 'proyek', 'yg', 'mangkrak', 'lama', 'puluh', 'tahun', 'yg', 'subur', 'budaya', 'korupsi']","['Anehnya', 'banyak', 'proyek', 'yg', 'mangkrak', 'selama', 'sepuluh', 'tahun', 'yg', 'menyuburkan', 'budaya', 'korupsi']",1,https://x.com/undefined/status/1631791328089759745,1477244055062941698,
tuban,RSUD dr R Koesma Kabupaten Tuban menuju Wilayah Bebas dari Korupsi tahun  Simak videonya di link berikut,1921122547992535114,2025-05-10 08:38:02+00:00,0,"['RSUD', 'dr', 'R', 'Koesma', 'Kabupaten', 'Tuban', 'menuju', 'Wilayah', 'Bebas', 'Korupsi', 'tahun', 'Simak', 'videonya', 'link', 'berikut']",RSUD dr. R. Koesma Kabupaten Tuban menuju Wilayah Bebas dari Korupsi tahun 2025 Simak videonya di link berikut https://t.co/h9dKvo7Iqp https://t.co/LxDZrxYWik,1921122547992535114,https://pbs.twimg.com/media/GqkyebZWIAAZ8H2.jpg,,in,,Jatim Amanah,0,0,0,positive,"['rsud', 'dr', 'r', 'koesma', 'kabupaten', 'tuban', 'tuju', 'wilayah', 'bebas', 'korupsi', 'tahun', 'simak', 'video', 'link', 'ikut']","['RSUD', 'dr', 'R', 'Koesma', 'Kabupaten', 'Tuban', 'menuju', 'Wilayah', 'Bebas', 'dari', 'Korupsi', 'tahun', 'Simak', 'videonya', 'di', 'link', 'berikut']",2,https://x.com/undefined/status/1921122547992535114,1871455705858994176,
tuban,Orang eropa mau berjuang untuk Indonesia namung yang katanya orang Indonesia malah menghancurkan Indonesia dengan korupsi nya,1904560343109812602,2025-03-25 15:45:45+00:00,0,"['Orang', 'eropa', 'mau', 'berjuang', 'Indonesia', 'namung', 'katanya', 'orang', 'Indonesia', 'malah', 'menghancurkan', 'Indonesia', 'korupsi', 'nya']",Orang eropa mau berjuang untuk Indonesia namung yang katanya orang Indonesia malah menghancurkan Indonesia dengan korupsi nya,1904560343109812602,,,in,,Jatim Amanah,0,0,0,negative,"['orang', 'eropa', 'mau', 'juang', 'indonesia', 'namung', 'kata', 'orang', 'indonesia', 'malah', 'hancur', 'indonesia', 'korupsi', 'nya']","['Orang', 'eropa', 'mau', 'berjuang', 'untuk', 'Indonesia', 'namung', 'yang', 'katanya', 'orang', 'Indonesia', 'malah', 'menghancurkan', 'Indonesia', 'dengan', 'korupsi', 'nya']",0,https://x.com/undefined/status/1904560343109812602,1234026919181504513,
tuban,didu Tapi ada kata Korupsi nya kan Tindakan apapun yang di lakukan atau tidak di lakukan berakibat kerugian dalam sebuah institusi Negara Berarti termasuk korupsi yg salah siapa operator dan regulator,1780159679458684944,2024-04-17 04:22:51+00:00,0,"['didu', 'Tapi', 'kata', 'Korupsi', 'nya', 'kan', 'Tindakan', 'apapun', 'lakukan', 'lakukan', 'berakibat', 'kerugian', 'sebuah', 'institusi', 'Negara', 'Berarti', 'termasuk', 'korupsi', 'yg', 'salah', 'siapa', 'operator', 'regulator']",@aasikinn27 @msaid_didu Tapi ada kata Korupsi nya kan..? Tindakan apapun yang di lakukan atau tidak di lakukan berakibat kerugian dalam sebuah institusi Negara. Berarti termasuk korupsi.. yg salah siapa operator dan regulator..!!!,1780451834475471032,,aasikinn27,in,,Jatim Amanah,0,0,0,negative,"['didu', 'tapi', 'kata', 'korupsi', 'nya', 'kan', 'tindak', 'apa', 'laku', 'laku', 'akibat', 'rugi', 'buah', 'institusi', 'negara', 'arti', 'masuk', 'korupsi', 'yg', 'salah', 'siapa', 'operator', 'regulator']","['didu', 'Tapi', 'ada', 'kata', 'Korupsi', 'nya', 'kan', 'Tindakan', 'apapun', 'yang', 'di', 'lakukan', 'atau', 'tidak', 'di', 'lakukan', 'berakibat', 'kerugian', 'dalam', 'sebuah', 'institusi', 'Negara', 'Berarti', 'termasuk', 'korupsi', 'yg', 'salah', 'siapa', 'operator', 'dan', 'regulator']",0,https://x.com/undefined/status/1780451834475471032,2958020664,
tuban,Pak mapud Pak mapud Korupsi biasanya krn gaya hidup yg bersangkutan Pnya bini muda main cewek judi dll Bkn krn istri,1736766235382346183,2023-12-18 15:11:52+00:00,0,"['Pak', 'mapud', 'Pak', 'mapud', 'Korupsi', 'biasanya', 'krn', 'gaya', 'hidup', 'yg', 'bersangkutan', 'Pnya', 'bini', 'muda', 'main', 'cewek', 'judi', 'Bkn', 'krn', 'istri']",Pak mapud..... Pak mapud........ Korupsi biasanya krn gaya hidup yg bersangkutan..... Pnya bini muda main cewek judi dll...... Bkn krn istri...... https://t.co/3zN1UH2B11,1736766235382346183,,,in,,Jatim Amanah,0,0,0,negative,"['pak', 'mapud', 'pak', 'mapud', 'korupsi', 'biasa', 'krn', 'gaya', 'hidup', 'yg', 'sangkut', 'pnya', 'bini', 'muda', 'main', 'cewek', 'judi', 'bkn', 'krn', 'istri']","['Pak', 'mapud', 'Pak', 'mapud', 'Korupsi', 'biasanya', 'krn', 'gaya', 'hidup', 'yg', 'bersangkutan', 'Pnya', 'bini', 'muda', 'main', 'cewek', 'judi', 'dll', 'Bkn', 'krn', 'istri']",2,https://x.com/undefined/status/1736766235382346183,912660505944190976,
tulungagung,Pelaksanaan Sosialisasi Oleh Sat Reskrim Tulungagung kepada ASN Dinas Koperasi dan UMKM Kab Tulungagung dalam rangka Program Polri Untuk Masyarakat th  ttg pencegahan kasus tindak pidana Korupsi di Tulungagung,1940269563431780630,2025-07-02 04:41:27+00:00,1,"['Pelaksanaan', 'Sosialisasi', 'Oleh', 'Sat', 'Reskrim', 'Tulungagung', 'ASN', 'Dinas', 'Koperasi', 'UMKM', 'Kab', 'Tulungagung', 'rangka', 'Program', 'Polri', 'Untuk', 'Masyarakat', 'th', 'ttg', 'pencegahan', 'kasus', 'tindak', 'pidana', 'Korupsi', 'Tulungagung']",Pelaksanaan Sosialisasi Oleh Sat Reskrim Tulungagung kepada ASN Dinas Koperasi dan UMKM Kab. Tulungagung dalam rangka Program Polri Untuk Masyarakat th 2025 ttg pencegahan kasus tindak pidana Korupsi di Tulungagung. #AstaCita #polriuntukmasyarakat #stopkorupsi #stoppungli https://t.co/QOSk9ZyK3z,1940269563431780630,https://pbs.twimg.com/media/Gu044nBWkAAw_R3.jpg,,in,,Jatim Amanah,0,0,0,positive,"['laksana', 'sosialisasi', 'oleh', 'sat', 'reskrim', 'tulungagung', 'asn', 'dinas', 'koperasi', 'umkm', 'kab', 'tulungagung', 'rangka', 'program', 'polri', 'untuk', 'masyarakat', 'th', 'ttg', 'cegah', 'kasus', 'tindak', 'pidana', 'korupsi', 'tulungagung']","['Pelaksanaan', 'Sosialisasi', 'Oleh', 'Sat', 'Reskrim', 'Tulungagung', 'kepada', 'ASN', 'Dinas', 'Koperasi', 'dan', 'UMKM', 'Kab', 'Tulungagung', 'dalam', 'rangka', 'Program', 'Polri', 'Untuk', 'Masyarakat', 'th', 'ttg', 'pencegahan', 'kasus', 'tindak', 'pidana', 'Korupsi', 'di', 'Tulungagung']",2,https://x.com/undefined/status/1940269563431780630,917620172113952769,
tulungagung,Nah yg utang bisa tambal dulunpake uang korupsi kmaren,1939940352518996208,2025-07-01 13:22:48+00:00,0,"['Nah', 'yg', 'utang', 'tambal', 'dulunpake', 'uang', 'korupsi', 'kmaren']",@TirtoID Nah yg utang bisa tambal dulunpake uang korupsi kmaren,1940038381121241592,,TirtoID,in,,Jatim Amanah,0,0,0,positive,"['nah', 'yg', 'utang', 'tambal', 'dulunpake', 'uang', 'korupsi', 'kmaren']","['Nah', 'yg', 'utang', 'bisa', 'tambal', 'dulunpake', 'uang', 'korupsi', 'kmaren']",0,https://x.com/undefined/status/1940038381121241592,1025411702374903808,
tulungagung,Presiden punya perpu yg kedudukan hukumnya setara undang undang Sekelas presiden cuma omon berantas korupsi kejar koruptor sampai antartika tinggal keluarin perpu perampasan aset dan hukum mati koruptor selesai itu Sayangnya satu sirkel ga mungkin saling bunuh itu ga solid,1939620583861633503,2025-06-30 09:42:38+00:00,0,"['Presiden', 'punya', 'perpu', 'yg', 'kedudukan', 'hukumnya', 'setara', 'undang', 'undang', 'Sekelas', 'presiden', 'cuma', 'omon', 'berantas', 'korupsi', 'kejar', 'koruptor', 'antartika', 'tinggal', 'keluarin', 'perpu', 'perampasan', 'aset', 'hukum', 'mati', 'koruptor', 'selesai', 'Sayangnya', 'satu', 'sirkel', 'ga', 'mungkin', 'saling', 'bunuh', 'ga', 'solid']",Presiden punya perpu yg kedudukan hukumnya setara undang undang. Sekelas presiden cuma omon berantas korupsi kejar koruptor sampai antartika tinggal keluarin perpu perampasan aset dan hukum mati koruptor selesai itu. Sayangnya satu sirkel ga mungkin saling bunuh. itu ga solid,1939620583861633503,,,in,,Jatim Amanah,0,1,0,negative,"['presiden', 'punya', 'perpu', 'yg', 'duduk', 'hukum', 'tara', 'undang', 'undang', 'kelas', 'presiden', 'cuma', 'omon', 'berantas', 'korupsi', 'kejar', 'koruptor', 'antartika', 'tinggal', 'keluarin', 'perpu', 'ampas', 'aset', 'hukum', 'mati', 'koruptor', 'selesai', 'sayang', 'satu', 'sirkel', 'ga', 'mungkin', 'saling', 'bunuh', 'ga', 'solid']","['Presiden', 'punya', 'perpu', 'yg', 'kedudukan', 'hukumnya', 'setara', 'undang', 'undang', 'Sekelas', 'presiden', 'cuma', 'omon', 'berantas', 'korupsi', 'kejar', 'koruptor', 'sampai', 'antartika', 'tinggal', 'keluarin', 'perpu', 'perampasan', 'aset', 'dan', 'hukum', 'mati', 'koruptor', 'selesai', 'itu', 'Sayangnya', 'satu', 'sirkel', 'ga', 'mungkin', 'saling', 'bunuh', 'itu', 'ga', 'solid']",0,https://x.com/undefined/status/1939620583861633503,1187809263114014720,
tulungagung,Pelaksanaan Sosialisasi Oleh Kanit Pidkor Sat Reskrim Tulungagung kpd ASN Dinas Pendapatan Kab Tulungagung dlm rangka Program Polri Untuk Masyarakat th  ttg pencegahan kasus tindak pidana Korupsi di Tulungagung,1937751849618276394,2025-06-25 05:56:57+00:00,1,"['Pelaksanaan', 'Sosialisasi', 'Oleh', 'Kanit', 'Pidkor', 'Sat', 'Reskrim', 'Tulungagung', 'kpd', 'ASN', 'Dinas', 'Pendapatan', 'Kab', 'Tulungagung', 'dlm', 'rangka', 'Program', 'Polri', 'Untuk', 'Masyarakat', 'th', 'ttg', 'pencegahan', 'kasus', 'tindak', 'pidana', 'Korupsi', 'Tulungagung']",Pelaksanaan Sosialisasi Oleh Kanit Pidkor Sat Reskrim Tulungagung kpd ASN Dinas Pendapatan Kab. Tulungagung dlm rangka Program Polri Untuk Masyarakat th 2025 ttg pencegahan kasus tindak pidana Korupsi di Tulungagung. #AstaCita #polriuntukmasyarakat #stopkorupsi #stoppungli https://t.co/fguQM3wjcX,1937751849618276394,https://pbs.twimg.com/media/GuRHCbEbUAAuLHo.jpg,,in,,Jatim Amanah,0,0,0,positive,"['laksana', 'sosialisasi', 'oleh', 'kanit', 'pidkor', 'sat', 'reskrim', 'tulungagung', 'kpd', 'asn', 'dinas', 'dapat', 'kab', 'tulungagung', 'dlm', 'rangka', 'program', 'polri', 'untuk', 'masyarakat', 'th', 'ttg', 'cegah', 'kasus', 'tindak', 'pidana', 'korupsi', 'tulungagung']","['Pelaksanaan', 'Sosialisasi', 'Oleh', 'Kanit', 'Pidkor', 'Sat', 'Reskrim', 'Tulungagung', 'kpd', 'ASN', 'Dinas', 'Pendapatan', 'Kab', 'Tulungagung', 'dlm', 'rangka', 'Program', 'Polri', 'Untuk', 'Masyarakat', 'th', 'ttg', 'pencegahan', 'kasus', 'tindak', 'pidana', 'Korupsi', 'di', 'Tulungagung']",2,https://x.com/undefined/status/1937751849618276394,917620172113952769,
tulungagung,Pelaksanaan Sosialisasi Oleh Kanit Pidkor Sat Reskrim Tulungagung kepada ASN Pemda Kab Tulungagung dalam rangka Program Beyond Trust Presisi  tentang pencegahan kasus tindak pidana Korupsi di Kab Tulungagung,1926870768245166290,2025-05-26 05:19:25+00:00,1,"['Pelaksanaan', 'Sosialisasi', 'Oleh', 'Kanit', 'Pidkor', 'Sat', 'Reskrim', 'Tulungagung', 'ASN', 'Pemda', 'Kab', 'Tulungagung', 'rangka', 'Program', 'Beyond', 'Trust', 'Presisi', 'pencegahan', 'kasus', 'tindak', 'pidana', 'Korupsi', 'Kab', 'Tulungagung']",Pelaksanaan Sosialisasi Oleh Kanit Pidkor Sat Reskrim Tulungagung kepada ASN Pemda Kab. Tulungagung dalam rangka Program Beyond Trust Presisi 2025 tentang pencegahan kasus tindak pidana Korupsi di Kab. Tulungagung. #AstaCita #beyondtrustpresisi #stopkorupsi #stoppungli https://t.co/urXwwsjl8Z,1926870768245166290,https://pbs.twimg.com/media/Gr2ewFsWAAAf5bq.jpg,,in,,Jatim Amanah,0,0,0,positive,"['laksana', 'sosialisasi', 'oleh', 'kanit', 'pidkor', 'sat', 'reskrim', 'tulungagung', 'asn', 'pemda', 'kab', 'tulungagung', 'rangka', 'program', 'beyond', 'trust', 'presisi', 'cegah', 'kasus', 'tindak', 'pidana', 'korupsi', 'kab', 'tulungagung']","['Pelaksanaan', 'Sosialisasi', 'Oleh', 'Kanit', 'Pidkor', 'Sat', 'Reskrim', 'Tulungagung', 'kepada', 'ASN', 'Pemda', 'Kab', 'Tulungagung', 'dalam', 'rangka', 'Program', 'Beyond', 'Trust', 'Presisi', 'tentang', 'pencegahan', 'kasus', 'tindak', 'pidana', 'Korupsi', 'di', 'Kab', 'Tulungagung']",2,https://x.com/undefined/status/1926870768245166290,917620172113952769,
tulungagung,Pelaksanaan Sosialisasi Oleh Kanit Pidkor Sat Reskrim Tulungagung kpd perangkat pada Kantor Kelurahan Bago TAgung dlm rangka Program Beyond Trust Presisi  ttg pencegahan kasus tindak pidana Korupsi di Kab Tulungagung,1915264372018225205,2025-04-24 04:39:44+00:00,1,"['Pelaksanaan', 'Sosialisasi', 'Oleh', 'Kanit', 'Pidkor', 'Sat', 'Reskrim', 'Tulungagung', 'kpd', 'perangkat', 'Kantor', 'Kelurahan', 'Bago', 'TAgung', 'dlm', 'rangka', 'Program', 'Beyond', 'Trust', 'Presisi', 'ttg', 'pencegahan', 'kasus', 'tindak', 'pidana', 'Korupsi', 'Kab', 'Tulungagung']",Pelaksanaan Sosialisasi Oleh Kanit Pidkor Sat Reskrim Tulungagung kpd perangkat pada Kantor Kelurahan Bago T.Agung dlm rangka Program Beyond Trust Presisi 2025 ttg pencegahan kasus tindak pidana Korupsi di Kab. Tulungagung #AstaCita #beyondtrustpresisi #stopkorupsi #stoppungli https://t.co/PH94MeyCkw,1915264372018225205,https://pbs.twimg.com/media/GpRiy6lbYAESUyR.jpg,,in,,Jatim Amanah,0,0,0,positive,"['laksana', 'sosialisasi', 'oleh', 'kanit', 'pidkor', 'sat', 'reskrim', 'tulungagung', 'kpd', 'perangkat', 'kantor', 'lurah', 'bago', 'tagung', 'dlm', 'rangka', 'program', 'beyond', 'trust', 'presisi', 'ttg', 'cegah', 'kasus', 'tindak', 'pidana', 'korupsi', 'kab', 'tulungagung']","['Pelaksanaan', 'Sosialisasi', 'Oleh', 'Kanit', 'Pidkor', 'Sat', 'Reskrim', 'Tulungagung', 'kpd', 'perangkat', 'pada', 'Kantor', 'Kelurahan', 'Bago', 'TAgung', 'dlm', 'rangka', 'Program', 'Beyond', 'Trust', 'Presisi', 'ttg', 'pencegahan', 'kasus', 'tindak', 'pidana', 'Korupsi', 'di', 'Kab', 'Tulungagung']",2,https://x.com/undefined/status/1915264372018225205,917620172113952769,
tulungagung,Pelaksanaan Sosialisasi Oleh Kanit Pidkor Sat Reskrim Tulungagung dan Kejaksaan kpd Kepala Kelurahan Kutoanyar TA dlm rangka Program Beyond Trust Presisi  ttg pencegahan kasus tindak pidana Korupsi di Kab Tulungagung,1912757497863029179,2025-04-17 06:38:19+00:00,1,"['Pelaksanaan', 'Sosialisasi', 'Oleh', 'Kanit', 'Pidkor', 'Sat', 'Reskrim', 'Tulungagung', 'Kejaksaan', 'kpd', 'Kepala', 'Kelurahan', 'Kutoanyar', 'TA', 'dlm', 'rangka', 'Program', 'Beyond', 'Trust', 'Presisi', 'ttg', 'pencegahan', 'kasus', 'tindak', 'pidana', 'Korupsi', 'Kab', 'Tulungagung']",Pelaksanaan Sosialisasi Oleh Kanit Pidkor Sat Reskrim Tulungagung dan Kejaksaan kpd Kepala Kelurahan Kutoanyar T.A dlm rangka Program Beyond Trust Presisi 2025 ttg pencegahan kasus tindak pidana Korupsi di Kab. Tulungagung. #AstaCita #beyondtrustpresisi #stopkorupsi #stoppungli https://t.co/NEn3R0mVp8,1912757497863029179,https://pbs.twimg.com/media/Got6zjVacAMNp-o.jpg,,in,,Jatim Amanah,0,0,0,positive,"['laksana', 'sosialisasi', 'oleh', 'kanit', 'pidkor', 'sat', 'reskrim', 'tulungagung', 'jaksa', 'kpd', 'kepala', 'lurah', 'kutoanyar', 'ta', 'dlm', 'rangka', 'program', 'beyond', 'trust', 'presisi', 'ttg', 'cegah', 'kasus', 'tindak', 'pidana', 'korupsi', 'kab', 'tulungagung']","['Pelaksanaan', 'Sosialisasi', 'Oleh', 'Kanit', 'Pidkor', 'Sat', 'Reskrim', 'Tulungagung', 'dan', 'Kejaksaan', 'kpd', 'Kepala', 'Kelurahan', 'Kutoanyar', 'TA', 'dlm', 'rangka', 'Program', 'Beyond', 'Trust', 'Presisi', 'ttg', 'pencegahan', 'kasus', 'tindak', 'pidana', 'Korupsi', 'di', 'Kab', 'Tulungagung']",2,https://x.com/undefined/status/1912757497863029179,917620172113952769,
tulungagung,Pelaksanaan Sosialisasi Oleh Kanit Pidkor Sat Reskrim Tulungagung dan Kejaksaan kpd Kepala Desa se Kec Ngantru dlm rangka Program Beyond Trust Presisi  ttg pencegahan kasus tindak pidana Korupsi di Kab Tulungagung,1910170386924499439,2025-04-10 03:18:04+00:00,2,"['Pelaksanaan', 'Sosialisasi', 'Oleh', 'Kanit', 'Pidkor', 'Sat', 'Reskrim', 'Tulungagung', 'Kejaksaan', 'kpd', 'Kepala', 'Desa', 'se', 'Kec', 'Ngantru', 'dlm', 'rangka', 'Program', 'Beyond', 'Trust', 'Presisi', 'ttg', 'pencegahan', 'kasus', 'tindak', 'pidana', 'Korupsi', 'Kab', 'Tulungagung']",Pelaksanaan Sosialisasi Oleh Kanit Pidkor Sat Reskrim Tulungagung dan Kejaksaan kpd Kepala Desa se Kec. Ngantru dlm rangka Program Beyond Trust Presisi 2025 ttg pencegahan kasus tindak pidana Korupsi di Kab. Tulungagung. #AstaCita #beyondtrustpresisi #stopkorupsi #stoppungli https://t.co/d6S73qZNQ1,1910170386924499439,https://pbs.twimg.com/media/GoJJ121bsAAqgPR.jpg,,in,,Jatim Amanah,0,0,0,positive,"['laksana', 'sosialisasi', 'oleh', 'kanit', 'pidkor', 'sat', 'reskrim', 'tulungagung', 'jaksa', 'kpd', 'kepala', 'desa', 'se', 'kec', 'ngantru', 'dlm', 'rangka', 'program', 'beyond', 'trust', 'presisi', 'ttg', 'cegah', 'kasus', 'tindak', 'pidana', 'korupsi', 'kab', 'tulungagung']","['Pelaksanaan', 'Sosialisasi', 'Oleh', 'Kanit', 'Pidkor', 'Sat', 'Reskrim', 'Tulungagung', 'dan', 'Kejaksaan', 'kpd', 'Kepala', 'Desa', 'se', 'Kec', 'Ngantru', 'dlm', 'rangka', 'Program', 'Beyond', 'Trust', 'Presisi', 'ttg', 'pencegahan', 'kasus', 'tindak', 'pidana', 'Korupsi', 'di', 'Kab', 'Tulungagung']",2,https://x.com/undefined/status/1910170386924499439,917620172113952769,
tulungagung,Kuota itu sudah lama jadi ladang korupsi pemain besar maupun kecil Contoh aja Bea Cukai Berapa banyak barang yg disita maupun uang sogokan yg diterima karena sistem kuota,1909612163070935412,2025-04-09 02:48:50+00:00,0,"['Kuota', 'lama', 'jadi', 'ladang', 'korupsi', 'pemain', 'besar', 'maupun', 'kecil', 'Contoh', 'aja', 'Bea', 'Cukai', 'Berapa', 'banyak', 'barang', 'yg', 'disita', 'maupun', 'uang', 'sogokan', 'yg', 'diterima', 'sistem', 'kuota']",@investorgabut Kuota itu sudah lama jadi ladang korupsi pemain besar maupun kecil Contoh aja Bea Cukai. Berapa banyak barang yg disita maupun uang sogokan yg diterima karena sistem kuota?,1909800642199396605,,investorgabut,in,,Jatim Amanah,0,0,0,negative,"['kuota', 'lama', 'jadi', 'ladang', 'korupsi', 'main', 'besar', 'maupun', 'kecil', 'contoh', 'aja', 'bea', 'cukai', 'berapa', 'banyak', 'barang', 'yg', 'sita', 'maupun', 'uang', 'sogo', 'yg', 'terima', 'sistem', 'kuota']","['Kuota', 'itu', 'sudah', 'lama', 'jadi', 'ladang', 'korupsi', 'pemain', 'besar', 'maupun', 'kecil', 'Contoh', 'aja', 'Bea', 'Cukai', 'Berapa', 'banyak', 'barang', 'yg', 'disita', 'maupun', 'uang', 'sogokan', 'yg', 'diterima', 'karena', 'sistem', 'kuota']",0,https://x.com/undefined/status/1909800642199396605,1560672092823007232,
tulungagung,Pelaksanaan Sosialisasi Oleh Kanit Pidkor Sat Reskrim Tulungagung kepada Kepala Desa se Kec Sumbergempol dalam rangka Program Beyond Trust Presisi  terkait pencegahan kasus tindak pidana Korupsi di Kab Tulungagung,1907813523314598200,2025-04-03 15:12:44+00:00,1,"['Pelaksanaan', 'Sosialisasi', 'Oleh', 'Kanit', 'Pidkor', 'Sat', 'Reskrim', 'Tulungagung', 'Kepala', 'Desa', 'se', 'Kec', 'Sumbergempol', 'rangka', 'Program', 'Beyond', 'Trust', 'Presisi', 'terkait', 'pencegahan', 'kasus', 'tindak', 'pidana', 'Korupsi', 'Kab', 'Tulungagung']",Pelaksanaan Sosialisasi Oleh Kanit Pidkor Sat Reskrim Tulungagung kepada Kepala Desa se Kec. Sumbergempol dalam rangka Program Beyond Trust Presisi 2025 terkait pencegahan kasus tindak pidana Korupsi di Kab. Tulungagung. #AstaCita #beyondtrustpresisi #stopkorupsi #stoppungli https://t.co/EBRGqyOHcR,1907813523314598200,https://pbs.twimg.com/media/GnnqSc6b0AALIub.jpg,,in,,Jatim Amanah,0,0,0,positive,"['laksana', 'sosialisasi', 'oleh', 'kanit', 'pidkor', 'sat', 'reskrim', 'tulungagung', 'kepala', 'desa', 'se', 'kec', 'sumbergempol', 'rangka', 'program', 'beyond', 'trust', 'presisi', 'kait', 'cegah', 'kasus', 'tindak', 'pidana', 'korupsi', 'kab', 'tulungagung']","['Pelaksanaan', 'Sosialisasi', 'Oleh', 'Kanit', 'Pidkor', 'Sat', 'Reskrim', 'Tulungagung', 'kepada', 'Kepala', 'Desa', 'se', 'Kec', 'Sumbergempol', 'dalam', 'rangka', 'Program', 'Beyond', 'Trust', 'Presisi', 'terkait', 'pencegahan', 'kasus', 'tindak', 'pidana', 'Korupsi', 'di', 'Kab', 'Tulungagung']",2,https://x.com/undefined/status/1907813523314598200,917620172113952769,
tulungagung,Pelaksanaan Sosialisasi Oleh Kanit Pidkor Sat Reskrim Tulungagung kepada Kepala Desa se Kec Ngantru dalam rangka Program Beyond Trust Presisi  terkait pencegahan kasus tindak pidana Korupsi di Kab Tulungagung,1902223861086572898,2025-03-19 05:01:24+00:00,1,"['Pelaksanaan', 'Sosialisasi', 'Oleh', 'Kanit', 'Pidkor', 'Sat', 'Reskrim', 'Tulungagung', 'Kepala', 'Desa', 'se', 'Kec', 'Ngantru', 'rangka', 'Program', 'Beyond', 'Trust', 'Presisi', 'terkait', 'pencegahan', 'kasus', 'tindak', 'pidana', 'Korupsi', 'Kab', 'Tulungagung']",Pelaksanaan Sosialisasi Oleh Kanit Pidkor Sat Reskrim Tulungagung kepada Kepala Desa se Kec. Ngantru dalam rangka Program Beyond Trust Presisi 2025 terkait pencegahan kasus tindak pidana Korupsi di Kab. Tulungagung. #AstaCita #beyondtrustpresisi #stopkorupsi #stoppungli https://t.co/LHBYWKj3Se,1902223861086572898,https://pbs.twimg.com/media/GmYOg9caoAArWO1.jpg,,in,,Jatim Amanah,0,0,0,positive,"['laksana', 'sosialisasi', 'oleh', 'kanit', 'pidkor', 'sat', 'reskrim', 'tulungagung', 'kepala', 'desa', 'se', 'kec', 'ngantru', 'rangka', 'program', 'beyond', 'trust', 'presisi', 'kait', 'cegah', 'kasus', 'tindak', 'pidana', 'korupsi', 'kab', 'tulungagung']","['Pelaksanaan', 'Sosialisasi', 'Oleh', 'Kanit', 'Pidkor', 'Sat', 'Reskrim', 'Tulungagung', 'kepada', 'Kepala', 'Desa', 'se', 'Kec', 'Ngantru', 'dalam', 'rangka', 'Program', 'Beyond', 'Trust', 'Presisi', 'terkait', 'pencegahan', 'kasus', 'tindak', 'pidana', 'Korupsi', 'di', 'Kab', 'Tulungagung']",2,https://x.com/undefined/status/1902223861086572898,917620172113952769,
tulungagung,Update klasemen sementara liga korupsi dong infonya,1898371336936026276,2025-03-08 13:52:51+00:00,0,"['Update', 'klasemen', 'liga', 'korupsi', 'dong', 'infonya']",Update klasemen sementara liga korupsi dong infonya?,1898371336936026276,,,in,,Jatim Amanah,0,0,0,positive,"['update', 'klasemen', 'liga', 'korupsi', 'dong', 'info']","['Update', 'klasemen', 'sementara', 'liga', 'korupsi', 'dong', 'infonya']",2,https://x.com/undefined/status/1898371336936026276,1241689643092856833,
tulungagung,Pelaksanaan Sosialisasi Oleh Kanit Pidkor Sat Reskrim Tulungagung kepada perangkatsekretaris Kec Pucanglaban dlm rangka Program Beyond Trust Presisi  terkait pencegahan kasus tindak pidana Korupsi di Kab Tulungagung,1892848449575428319,2025-02-21 08:06:52+00:00,1,"['Pelaksanaan', 'Sosialisasi', 'Oleh', 'Kanit', 'Pidkor', 'Sat', 'Reskrim', 'Tulungagung', 'perangkatsekretaris', 'Kec', 'Pucanglaban', 'dlm', 'rangka', 'Program', 'Beyond', 'Trust', 'Presisi', 'terkait', 'pencegahan', 'kasus', 'tindak', 'pidana', 'Korupsi', 'Kab', 'Tulungagung']",Pelaksanaan Sosialisasi Oleh Kanit Pidkor Sat Reskrim Tulungagung kepada perangkat/sekretaris Kec. Pucanglaban dlm rangka Program Beyond Trust Presisi 2025 terkait pencegahan kasus tindak pidana Korupsi di Kab. Tulungagung #AstaCita #beyondtrustpresisi #stopkorupsi #stoppungli https://t.co/G1wReCeFB4,1892848449575428319,https://pbs.twimg.com/media/GkS_oWNXAAAwWTI.jpg,,in,,Jatim Amanah,0,0,0,positive,"['laksana', 'sosialisasi', 'oleh', 'kanit', 'pidkor', 'sat', 'reskrim', 'tulungagung', 'perangkatsekretaris', 'kec', 'pucanglaban', 'dlm', 'rangka', 'program', 'beyond', 'trust', 'presisi', 'kait', 'cegah', 'kasus', 'tindak', 'pidana', 'korupsi', 'kab', 'tulungagung']","['Pelaksanaan', 'Sosialisasi', 'Oleh', 'Kanit', 'Pidkor', 'Sat', 'Reskrim', 'Tulungagung', 'kepada', 'perangkatsekretaris', 'Kec', 'Pucanglaban', 'dlm', 'rangka', 'Program', 'Beyond', 'Trust', 'Presisi', 'terkait', 'pencegahan', 'kasus', 'tindak', 'pidana', 'Korupsi', 'di', 'Kab', 'Tulungagung']",2,https://x.com/undefined/status/1892848449575428319,917620172113952769,
tulungagung,Harusnya tidak cukup hanya mengembalikan uang yg dikorupsi saja Harus ada dendanya juga bisa dua kali lipat dari yg dikorupsi Hukuman penjara berat dan denda dua kali lipat agar ada rasa jera juga takut untuk korupsi,1889906039015030851,2025-02-14 01:55:19+00:00,3,"['Harusnya', 'cukup', 'mengembalikan', 'uang', 'yg', 'dikorupsi', 'Harus', 'dendanya', 'kali', 'lipat', 'yg', 'dikorupsi', 'Hukuman', 'penjara', 'berat', 'denda', 'kali', 'lipat', 'rasa', 'jera', 'takut', 'korupsi']",@JhonSitorus_18 Harusnya tidak cukup hanya mengembalikan uang yg dikorupsi saja.... Harus ada dendanya juga.... bisa dua kali lipat dari yg dikorupsi.... Hukuman penjara berat dan denda dua kali lipat agar ada rasa jera juga takut untuk korupsi...,1890218231706931544,,JhonSitorus_18,in,,Jatim Amanah,0,0,0,negative,"['harus', 'cukup', 'kembali', 'uang', 'yg', 'korupsi', 'harus', 'denda', 'kali', 'lipat', 'yg', 'korupsi', 'hukum', 'penjara', 'berat', 'denda', 'kali', 'lipat', 'rasa', 'jera', 'takut', 'korupsi']","['Harusnya', 'tidak', 'cukup', 'hanya', 'mengembalikan', 'uang', 'yg', 'dikorupsi', 'saja', 'Harus', 'ada', 'dendanya', 'juga', 'bisa', 'dua', 'kali', 'lipat', 'dari', 'yg', 'dikorupsi', 'Hukuman', 'penjara', 'berat', 'dan', 'denda', 'dua', 'kali', 'lipat', 'agar', 'ada', 'rasa', 'jera', 'juga', 'takut', 'untuk', 'korupsi']",0,https://x.com/undefined/status/1890218231706931544,1871904774,
tulungagung,Giat Rakor Unit Pidkor Sat Reskrim Tulungagung bersama petugas Kejari Kab Tulungagung dalam rangka Program Beyond Trust Presisi  terkait pencegahan kasus tindak pidana Korupsi maupun penangannya di Kab Tulungagung,1884453311988007218,2025-01-29 04:07:35+00:00,1,"['Giat', 'Rakor', 'Unit', 'Pidkor', 'Sat', 'Reskrim', 'Tulungagung', 'bersama', 'petugas', 'Kejari', 'Kab', 'Tulungagung', 'rangka', 'Program', 'Beyond', 'Trust', 'Presisi', 'terkait', 'pencegahan', 'kasus', 'tindak', 'pidana', 'Korupsi', 'maupun', 'penangannya', 'Kab', 'Tulungagung']",Giat Rakor Unit Pidkor Sat Reskrim Tulungagung bersama petugas Kejari Kab. Tulungagung dalam rangka Program Beyond Trust Presisi 2024 terkait pencegahan kasus tindak pidana Korupsi maupun penangannya di Kab. Tulungagung. #AstaCita #beyondtrustpresisi #stopkorupsi #stoppungli https://t.co/pCPzl2XWYg,1884453311988007218,https://pbs.twimg.com/media/GibsTHjaYAELlrd.jpg,,in,,Jatim Amanah,0,0,0,positive,"['giat', 'rakor', 'unit', 'pidkor', 'sat', 'reskrim', 'tulungagung', 'sama', 'tugas', 'kejar', 'kab', 'tulungagung', 'rangka', 'program', 'beyond', 'trust', 'presisi', 'kait', 'cegah', 'kasus', 'tindak', 'pidana', 'korupsi', 'maupun', 'nang', 'kab', 'tulungagung']","['Giat', 'Rakor', 'Unit', 'Pidkor', 'Sat', 'Reskrim', 'Tulungagung', 'bersama', 'petugas', 'Kejari', 'Kab', 'Tulungagung', 'dalam', 'rangka', 'Program', 'Beyond', 'Trust', 'Presisi', 'terkait', 'pencegahan', 'kasus', 'tindak', 'pidana', 'Korupsi', 'maupun', 'penangannya', 'di', 'Kab', 'Tulungagung']",2,https://x.com/undefined/status/1884453311988007218,917620172113952769,
tulungagung,Pelaksanaan Sosialisasi Oleh Kanit Pidkor Sat Reskrim Tulungagung kepada perangkatsekretaris Kec Kauman dlm rangka Program Beyond Trust Presisi  terkait pencegahan kasus tindak pidana Korupsi di Kab Tulungagung,1881562493572861953,2025-01-21 04:40:30+00:00,1,"['Pelaksanaan', 'Sosialisasi', 'Oleh', 'Kanit', 'Pidkor', 'Sat', 'Reskrim', 'Tulungagung', 'perangkatsekretaris', 'Kec', 'Kauman', 'dlm', 'rangka', 'Program', 'Beyond', 'Trust', 'Presisi', 'terkait', 'pencegahan', 'kasus', 'tindak', 'pidana', 'Korupsi', 'Kab', 'Tulungagung']",Pelaksanaan Sosialisasi Oleh Kanit Pidkor Sat Reskrim Tulungagung kepada perangkat/sekretaris Kec. Kauman dlm rangka Program Beyond Trust Presisi 2024 terkait pencegahan kasus tindak pidana Korupsi di Kab. Tulungagung. #AstaCita #beyondtrustpresisi #stopkorupsi #stoppungli https://t.co/tkARgYXimy,1881562493572861953,https://pbs.twimg.com/media/GhynHcIaoAAerEy.jpg,,in,,Jatim Amanah,0,0,0,positive,"['laksana', 'sosialisasi', 'oleh', 'kanit', 'pidkor', 'sat', 'reskrim', 'tulungagung', 'perangkatsekretaris', 'kec', 'kaum', 'dlm', 'rangka', 'program', 'beyond', 'trust', 'presisi', 'kait', 'cegah', 'kasus', 'tindak', 'pidana', 'korupsi', 'kab', 'tulungagung']","['Pelaksanaan', 'Sosialisasi', 'Oleh', 'Kanit', 'Pidkor', 'Sat', 'Reskrim', 'Tulungagung', 'kepada', 'perangkatsekretaris', 'Kec', 'Kauman', 'dlm', 'rangka', 'Program', 'Beyond', 'Trust', 'Presisi', 'terkait', 'pencegahan', 'kasus', 'tindak', 'pidana', 'Korupsi', 'di', 'Kab', 'Tulungagung']",2,https://x.com/undefined/status/1881562493572861953,917620172113952769,
tulungagung,Pelaksanaan Sosialisasi Oleh Kanit Pidkor Sat Reskrim Tulungagung kepada perangkatsekretaris Kec Pagerwojo dlm rangka Program Beyond Trust Presisi  terkait pencegahan kasus tindak pidana Korupsi di Kab Tulungagung,1879722589452640427,2025-01-16 02:49:23+00:00,1,"['Pelaksanaan', 'Sosialisasi', 'Oleh', 'Kanit', 'Pidkor', 'Sat', 'Reskrim', 'Tulungagung', 'perangkatsekretaris', 'Kec', 'Pagerwojo', 'dlm', 'rangka', 'Program', 'Beyond', 'Trust', 'Presisi', 'terkait', 'pencegahan', 'kasus', 'tindak', 'pidana', 'Korupsi', 'Kab', 'Tulungagung']",Pelaksanaan Sosialisasi Oleh Kanit Pidkor Sat Reskrim Tulungagung kepada perangkat/sekretaris Kec. Pagerwojo dlm rangka Program Beyond Trust Presisi 2024 terkait pencegahan kasus tindak pidana Korupsi di Kab. Tulungagung. #AstaCita #beyondtrustpresisi #stopkorupsi #stoppungli https://t.co/GyivXUkN5z,1879722589452640427,https://pbs.twimg.com/media/GhYdu8BagAAda3U.jpg,,in,,Jatim Amanah,0,0,0,positive,"['laksana', 'sosialisasi', 'oleh', 'kanit', 'pidkor', 'sat', 'reskrim', 'tulungagung', 'perangkatsekretaris', 'kec', 'pagerwojo', 'dlm', 'rangka', 'program', 'beyond', 'trust', 'presisi', 'kait', 'cegah', 'kasus', 'tindak', 'pidana', 'korupsi', 'kab', 'tulungagung']","['Pelaksanaan', 'Sosialisasi', 'Oleh', 'Kanit', 'Pidkor', 'Sat', 'Reskrim', 'Tulungagung', 'kepada', 'perangkatsekretaris', 'Kec', 'Pagerwojo', 'dlm', 'rangka', 'Program', 'Beyond', 'Trust', 'Presisi', 'terkait', 'pencegahan', 'kasus', 'tindak', 'pidana', 'Korupsi', 'di', 'Kab', 'Tulungagung']",2,https://x.com/undefined/status/1879722589452640427,917620172113952769,
tulungagung,Pelaksanaan Sosialisasi Oleh Kanit Pidkor Sat Reskrim Tulungagung kpd pers Pemerintahan Daerah Kab TAgung dlm rangka Program Beyond Trust Presisi  terkait pencegahan kasus tindak pidana Korupsi di Kab Tulungagung,1876840942470094894,2025-01-08 03:58:45+00:00,1,"['Pelaksanaan', 'Sosialisasi', 'Oleh', 'Kanit', 'Pidkor', 'Sat', 'Reskrim', 'Tulungagung', 'kpd', 'pers', 'Pemerintahan', 'Daerah', 'Kab', 'TAgung', 'dlm', 'rangka', 'Program', 'Beyond', 'Trust', 'Presisi', 'terkait', 'pencegahan', 'kasus', 'tindak', 'pidana', 'Korupsi', 'Kab', 'Tulungagung']",Pelaksanaan Sosialisasi Oleh Kanit Pidkor Sat Reskrim Tulungagung kpd pers Pemerintahan Daerah Kab. T.Agung dlm rangka Program Beyond Trust Presisi 2024 terkait pencegahan kasus tindak pidana Korupsi di Kab. Tulungagung. #AstaCita #beyondtrustpresisi #stopkorupsi #stoppungli https://t.co/yQXbXXa9LO,1876840942470094894,https://pbs.twimg.com/media/Ggvg4_ZbUAAxIVi.jpg,,in,,Jatim Amanah,0,0,0,positive,"['laksana', 'sosialisasi', 'oleh', 'kanit', 'pidkor', 'sat', 'reskrim', 'tulungagung', 'kpd', 'pers', 'perintah', 'daerah', 'kab', 'tagung', 'dlm', 'rangka', 'program', 'beyond', 'trust', 'presisi', 'kait', 'cegah', 'kasus', 'tindak', 'pidana', 'korupsi', 'kab', 'tulungagung']","['Pelaksanaan', 'Sosialisasi', 'Oleh', 'Kanit', 'Pidkor', 'Sat', 'Reskrim', 'Tulungagung', 'kpd', 'pers', 'Pemerintahan', 'Daerah', 'Kab', 'TAgung', 'dlm', 'rangka', 'Program', 'Beyond', 'Trust', 'Presisi', 'terkait', 'pencegahan', 'kasus', 'tindak', 'pidana', 'Korupsi', 'di', 'Kab', 'Tulungagung']",2,https://x.com/undefined/status/1876840942470094894,917620172113952769,
tulungagung,Pelaksanaan Sosialisasi Oleh Kanit Pidkor Sat Reskrim Tulungagung kepada perangkatsekretaris Kec Kedungwaru dlm rangka Program Beyond Trust Presisi  terkait pencegahan kasus tindak pidana Korupsi di Kab Tulungagung,1874695861479080135,2025-01-02 05:54:58+00:00,1,"['Pelaksanaan', 'Sosialisasi', 'Oleh', 'Kanit', 'Pidkor', 'Sat', 'Reskrim', 'Tulungagung', 'perangkatsekretaris', 'Kec', 'Kedungwaru', 'dlm', 'rangka', 'Program', 'Beyond', 'Trust', 'Presisi', 'terkait', 'pencegahan', 'kasus', 'tindak', 'pidana', 'Korupsi', 'Kab', 'Tulungagung']",Pelaksanaan Sosialisasi Oleh Kanit Pidkor Sat Reskrim Tulungagung kepada perangkat/sekretaris Kec. Kedungwaru dlm rangka Program Beyond Trust Presisi 2024 terkait pencegahan kasus tindak pidana Korupsi di Kab. Tulungagung. #AstaCita #beyondtrustpresisi #stopkorupsi #stoppungli https://t.co/sxUoXAkpt5,1874695861479080135,https://pbs.twimg.com/media/GgRB8rEawAAQCZb.jpg,,in,,Jatim Amanah,0,0,0,positive,"['laksana', 'sosialisasi', 'oleh', 'kanit', 'pidkor', 'sat', 'reskrim', 'tulungagung', 'perangkatsekretaris', 'kec', 'kedungwaru', 'dlm', 'rangka', 'program', 'beyond', 'trust', 'presisi', 'kait', 'cegah', 'kasus', 'tindak', 'pidana', 'korupsi', 'kab', 'tulungagung']","['Pelaksanaan', 'Sosialisasi', 'Oleh', 'Kanit', 'Pidkor', 'Sat', 'Reskrim', 'Tulungagung', 'kepada', 'perangkatsekretaris', 'Kec', 'Kedungwaru', 'dlm', 'rangka', 'Program', 'Beyond', 'Trust', 'Presisi', 'terkait', 'pencegahan', 'kasus', 'tindak', 'pidana', 'Korupsi', 'di', 'Kab', 'Tulungagung']",2,https://x.com/undefined/status/1874695861479080135,917620172113952769,
tulungagung,Pelaksanaan Sosialisasi Oleh Kanit Pidkor Sat Reskrim Tulungagung kepada perangkat desa se Kec Gondang dalam rangka Program Beyond Trust Presisi  terkait pencegahan kasus tindak pidana Korupsi di wil Kab Tulungagung,1871583957206421504,2024-12-24 15:49:22+00:00,1,"['Pelaksanaan', 'Sosialisasi', 'Oleh', 'Kanit', 'Pidkor', 'Sat', 'Reskrim', 'Tulungagung', 'perangkat', 'desa', 'se', 'Kec', 'Gondang', 'rangka', 'Program', 'Beyond', 'Trust', 'Presisi', 'terkait', 'pencegahan', 'kasus', 'tindak', 'pidana', 'Korupsi', 'wil', 'Kab', 'Tulungagung']",Pelaksanaan Sosialisasi Oleh Kanit Pidkor Sat Reskrim Tulungagung kepada perangkat desa se Kec. Gondang dalam rangka Program Beyond Trust Presisi 2024 terkait pencegahan kasus tindak pidana Korupsi di wil Kab. Tulungagung. #AstaCita #beyondtrustpresisi #stopkorupsi #stoppungli https://t.co/H2aZjgRjxw,1871583957206421504,https://pbs.twimg.com/media/GfkzsFvaAAERgMH.jpg,,in,,Jatim Amanah,0,0,0,positive,"['laksana', 'sosialisasi', 'oleh', 'kanit', 'pidkor', 'sat', 'reskrim', 'tulungagung', 'perangkat', 'desa', 'se', 'kec', 'gondang', 'rangka', 'program', 'beyond', 'trust', 'presisi', 'kait', 'cegah', 'kasus', 'tindak', 'pidana', 'korupsi', 'wil', 'kab', 'tulungagung']","['Pelaksanaan', 'Sosialisasi', 'Oleh', 'Kanit', 'Pidkor', 'Sat', 'Reskrim', 'Tulungagung', 'kepada', 'perangkat', 'desa', 'se', 'Kec', 'Gondang', 'dalam', 'rangka', 'Program', 'Beyond', 'Trust', 'Presisi', 'terkait', 'pencegahan', 'kasus', 'tindak', 'pidana', 'Korupsi', 'di', 'wil', 'Kab', 'Tulungagung']",2,https://x.com/undefined/status/1871583957206421504,917620172113952769,
tulungagung,Pelaksanaan Sosialisasi Oleh Kanit Pidkor Sat Reskrim Tulungagung kepada masyarakat Kab Tulungagung dalam rangka Program Beyond Trust Presisi  terkait pencegahan kasus tindak pidana Korupsi di wil Kab Tulungagung,1868548820600312292,2024-12-16 06:48:49+00:00,1,"['Pelaksanaan', 'Sosialisasi', 'Oleh', 'Kanit', 'Pidkor', 'Sat', 'Reskrim', 'Tulungagung', 'masyarakat', 'Kab', 'Tulungagung', 'rangka', 'Program', 'Beyond', 'Trust', 'Presisi', 'terkait', 'pencegahan', 'kasus', 'tindak', 'pidana', 'Korupsi', 'wil', 'Kab', 'Tulungagung']",Pelaksanaan Sosialisasi Oleh Kanit Pidkor Sat Reskrim Tulungagung kepada masyarakat Kab. Tulungagung dalam rangka Program Beyond Trust Presisi 2024 terkait pencegahan kasus tindak pidana Korupsi di wil Kab. Tulungagung. #AstaCita #beyondtrustpresisi #stopkorupsi #stoppungli https://t.co/6HyGKlQmyD,1868548820600312292,https://pbs.twimg.com/media/Ge5rP97bQAA3h13.jpg,,in,,Jatim Amanah,0,0,0,positive,"['laksana', 'sosialisasi', 'oleh', 'kanit', 'pidkor', 'sat', 'reskrim', 'tulungagung', 'masyarakat', 'kab', 'tulungagung', 'rangka', 'program', 'beyond', 'trust', 'presisi', 'kait', 'cegah', 'kasus', 'tindak', 'pidana', 'korupsi', 'wil', 'kab', 'tulungagung']","['Pelaksanaan', 'Sosialisasi', 'Oleh', 'Kanit', 'Pidkor', 'Sat', 'Reskrim', 'Tulungagung', 'kepada', 'masyarakat', 'Kab', 'Tulungagung', 'dalam', 'rangka', 'Program', 'Beyond', 'Trust', 'Presisi', 'terkait', 'pencegahan', 'kasus', 'tindak', 'pidana', 'Korupsi', 'di', 'wil', 'Kab', 'Tulungagung']",2,https://x.com/undefined/status/1868548820600312292,917620172113952769,
tulungagung,Pelaksanaan Sosialisasi Oleh Kanit Pidkor Sat Reskrim Tulungagung kepada Kades se Kab Tulungagung dalam rangka Program Beyond Trust Presisi  terkait pencegahan kasus tindak pidana Korupsi di wil Kab Tulungagung,1867124634875048070,2024-12-12 08:29:37+00:00,1,"['Pelaksanaan', 'Sosialisasi', 'Oleh', 'Kanit', 'Pidkor', 'Sat', 'Reskrim', 'Tulungagung', 'Kades', 'se', 'Kab', 'Tulungagung', 'rangka', 'Program', 'Beyond', 'Trust', 'Presisi', 'terkait', 'pencegahan', 'kasus', 'tindak', 'pidana', 'Korupsi', 'wil', 'Kab', 'Tulungagung']",Pelaksanaan Sosialisasi Oleh Kanit Pidkor Sat Reskrim Tulungagung kepada Kades se Kab. Tulungagung dalam rangka Program Beyond Trust Presisi 2024 terkait pencegahan kasus tindak pidana Korupsi di wil Kab. Tulungagung. #AstaCita #beyondtrustpresisi #stopkorupsi #stoppungli https://t.co/hsfy9EAHI3,1867124634875048070,https://pbs.twimg.com/media/Gelb9aPbsAAAKmR.jpg,,in,,Jatim Amanah,0,0,0,positive,"['laksana', 'sosialisasi', 'oleh', 'kanit', 'pidkor', 'sat', 'reskrim', 'tulungagung', 'kades', 'se', 'kab', 'tulungagung', 'rangka', 'program', 'beyond', 'trust', 'presisi', 'kait', 'cegah', 'kasus', 'tindak', 'pidana', 'korupsi', 'wil', 'kab', 'tulungagung']","['Pelaksanaan', 'Sosialisasi', 'Oleh', 'Kanit', 'Pidkor', 'Sat', 'Reskrim', 'Tulungagung', 'kepada', 'Kades', 'se', 'Kab', 'Tulungagung', 'dalam', 'rangka', 'Program', 'Beyond', 'Trust', 'Presisi', 'terkait', 'pencegahan', 'kasus', 'tindak', 'pidana', 'Korupsi', 'di', 'wil', 'Kab', 'Tulungagung']",2,https://x.com/undefined/status/1867124634875048070,917620172113952769,
tulungagung,Dalam rangka pelaksanaan Program Beyond Trust Presisi Prog F Giat  periode TW III Satreskrim Tulungagung melaksanakan Gelar Perkara kss Korupsi dipimpin Kasat Reskrim AKP Ryo STK SIK  Selasa,1834094225421705677,2024-09-12 04:58:33+00:00,0,"['Dalam', 'rangka', 'pelaksanaan', 'Program', 'Beyond', 'Trust', 'Presisi', 'Prog', 'F', 'Giat', 'periode', 'TW', 'III', 'Satreskrim', 'Tulungagung', 'melaksanakan', 'Gelar', 'Perkara', 'kss', 'Korupsi', 'dipimpin', 'Kasat', 'Reskrim', 'AKP', 'Ryo', 'STK', 'SIK', 'Selasa']",Dalam rangka pelaksanaan Program Beyond Trust Presisi Prog. F Giat 17 periode TW III/2024 Satreskrim Tulungagung melaksanakan Gelar Perkara kss Korupsi dipimpin Kasat Reskrim AKP Ryo STK SIK https://t.co/OS2FIkBirw. Selasa (10/9/24) #gelarreskrimtagung #beyondtrustpresisi2024 https://t.co/bN8zz6S0y1,1834094225421705677,https://pbs.twimg.com/media/GXQC-g7a0AASj_N.jpg,,in,,Jatim Amanah,0,0,0,positive,"['dalam', 'rangka', 'laksana', 'program', 'beyond', 'trust', 'presisi', 'prog', 'f', 'giat', 'periode', 'tw', 'iii', 'satreskrim', 'tulungagung', 'laksana', 'gelar', 'perkara', 'kss', 'korupsi', 'pimpin', 'kasat', 'reskrim', 'akp', 'ryo', 'stk', 'sik', 'selasa']","['Dalam', 'rangka', 'pelaksanaan', 'Program', 'Beyond', 'Trust', 'Presisi', 'Prog', 'F', 'Giat', 'periode', 'TW', 'III', 'Satreskrim', 'Tulungagung', 'melaksanakan', 'Gelar', 'Perkara', 'kss', 'Korupsi', 'dipimpin', 'Kasat', 'Reskrim', 'AKP', 'Ryo', 'STK', 'SIK', 'Selasa']",2,https://x.com/undefined/status/1834094225421705677,917620172113952769,
tulungagung,Dalam rangka pelaksanaan Program Beyond Trust Presisi Prog F Giat  periode TW III   Satreskrim Tulungagung melaksanakan Gelar Perkara kss Korupsi dipimpin Kasat Reskrim AKP Ryo STK SIK  Senin,1831635791531082179,2024-09-05 10:09:37+00:00,0,"['Dalam', 'rangka', 'pelaksanaan', 'Program', 'Beyond', 'Trust', 'Presisi', 'Prog', 'F', 'Giat', 'periode', 'TW', 'III', 'Satreskrim', 'Tulungagung', 'melaksanakan', 'Gelar', 'Perkara', 'kss', 'Korupsi', 'dipimpin', 'Kasat', 'Reskrim', 'AKP', 'Ryo', 'STK', 'SIK', 'Senin']",Dalam rangka pelaksanaan Program Beyond Trust Presisi Prog. F Giat 17 periode TW III / 2024 Satreskrim Tulungagung melaksanakan Gelar Perkara kss Korupsi dipimpin Kasat Reskrim AKP Ryo STK SIK https://t.co/OS2FIkBirw. Senin (2/9/24) #gelarreskrimtagung #beyondtrustpresisi2024 https://t.co/giEfa8tbYO,1831635791531082179,https://pbs.twimg.com/media/GWtHC21XQAACd4-.jpg,,in,,Jatim Amanah,0,0,0,positive,"['dalam', 'rangka', 'laksana', 'program', 'beyond', 'trust', 'presisi', 'prog', 'f', 'giat', 'periode', 'tw', 'iii', 'satreskrim', 'tulungagung', 'laksana', 'gelar', 'perkara', 'kss', 'korupsi', 'pimpin', 'kasat', 'reskrim', 'akp', 'ryo', 'stk', 'sik', 'senin']","['Dalam', 'rangka', 'pelaksanaan', 'Program', 'Beyond', 'Trust', 'Presisi', 'Prog', 'F', 'Giat', 'periode', 'TW', 'III', 'Satreskrim', 'Tulungagung', 'melaksanakan', 'Gelar', 'Perkara', 'kss', 'Korupsi', 'dipimpin', 'Kasat', 'Reskrim', 'AKP', 'Ryo', 'STK', 'SIK', 'Senin']",2,https://x.com/undefined/status/1831635791531082179,917620172113952769,
tulungagung,Pd korupsi trs hukuman mudah coba klo hukumnya mati amp dimiskinkan insyaAlloh jera,1784074868788809935,2024-04-27 10:34:39+00:00,1,"['Pd', 'korupsi', 'trs', 'hukuman', 'mudah', 'coba', 'klo', 'hukumnya', 'mati', 'amp', 'dimiskinkan', 'insyaAlloh', 'jera']",@Gunawan75_ Pd korupsi trs hukuman mudah coba klo hukumnya mati &amp; dimiskinkan insyaAlloh jera,1784169279417725042,,Gunawan75_,in,,Jatim Amanah,0,0,0,negative,"['pd', 'korupsi', 'trs', 'hukum', 'mudah', 'coba', 'klo', 'hukum', 'mati', 'amp', 'miskin', 'insyaalloh', 'jera']","['Pd', 'korupsi', 'trs', 'hukuman', 'mudah', 'coba', 'klo', 'hukumnya', 'mati', 'amp', 'dimiskinkan', 'insyaAlloh', 'jera']",2,https://x.com/undefined/status/1784169279417725042,2245193340,
tulungagung,Bukan maling bonus jabatan Tanpa jabatan jangan mimpi bisa korupsi,1773574783575134523,2024-03-29 04:55:54+00:00,1,"['Bukan', 'maling', 'bonus', 'jabatan', 'Tanpa', 'jabatan', 'jangan', 'mimpi', 'korupsi']",Bukan maling bonus jabatan. Tanpa jabatan jangan mimpi bisa korupsi,1773574783575134523,,,in,,Jatim Amanah,0,1,0,negative,"['bukan', 'maling', 'bonus', 'jabat', 'tanpa', 'jabat', 'jangan', 'mimpi', 'korupsi']","['Bukan', 'maling', 'bonus', 'jabatan', 'Tanpa', 'jabatan', 'jangan', 'mimpi', 'bisa', 'korupsi']",1,https://x.com/undefined/status/1773574783575134523,994941784189911042,
tulungagung,Sepertinya dijadikan tumbal lingkarannya bang masak iya korupsi segitu dilakuin sendiri,1773278202783305792,2024-03-28 17:10:59+00:00,0,"['Sepertinya', 'dijadikan', 'tumbal', 'lingkarannya', 'bang', 'masak', 'iya', 'korupsi', 'segitu', 'dilakuin', 'sendiri']",@FahmiAgustian Sepertinya dijadikan tumbal lingkarannya bang masak iya korupsi segitu dilakuin sendiri.,1773397386360164399,,FahmiAgustian,in,,Jatim Amanah,0,0,0,negative,"['seperti', 'jadi', 'tumbal', 'lingkar', 'bang', 'masak', 'iya', 'korupsi', 'segitu', 'dilakuin', 'sendiri']","['Sepertinya', 'dijadikan', 'tumbal', 'lingkarannya', 'bang', 'masak', 'iya', 'korupsi', 'segitu', 'dilakuin', 'sendiri']",0,https://x.com/undefined/status/1773397386360164399,368795310,
tulungagung,Satu pertanyaan saya mbak 𝙩𝙤𝙡𝙤𝙣𝙜 tunjukkan kasus korupsi yang telah dilakukan oleh paslon yg mbak maksud beserta bukti yang berdasarkan keputusan pengadilan terimakasih,1759277108885692566,2024-02-19 13:31:39+00:00,0,"['Satu', 'pertanyaan', 'mbak', '𝙩𝙤𝙡𝙤𝙣𝙜', 'tunjukkan', 'kasus', 'korupsi', 'dilakukan', 'paslon', 'yg', 'mbak', 'maksud', 'beserta', 'bukti', 'berdasarkan', 'keputusan', 'pengadilan', 'terimakasih']",@diankrtn @Accounting47 @SatuhatiKopi Satu pertanyaan saya mbak@diankrtn 𝙩𝙤𝙡𝙤𝙣𝙜 tunjukkan kasus korupsi yang telah dilakukan oleh paslon yg mbak maksud beserta bukti yang berdasarkan keputusan pengadilan terimakasih ,1759571448619037059,,diankrtn__,in,,Jatim Amanah,0,0,0,positive,"['satu', 'tanya', 'mbak', '', 'tunjuk', 'kasus', 'korupsi', 'laku', 'paslon', 'yg', 'mbak', 'maksud', 'serta', 'bukti', 'dasar', 'putus', 'adil', 'terimakasih']","['Satu', 'pertanyaan', 'saya', 'mbak', '𝙩𝙤𝙡𝙤𝙣𝙜', 'tunjukkan', 'kasus', 'korupsi', 'yang', 'telah', 'dilakukan', 'oleh', 'paslon', 'yg', 'mbak', 'maksud', 'beserta', 'bukti', 'yang', 'berdasarkan', 'keputusan', 'pengadilan', 'terimakasih']",1,https://x.com/undefined/status/1759571448619037059,1602347828491464704,
tulungagung,APBN APBD di Indonesia tergolong rendah karena masih banyak masyarakat yang belum sadar pajak Coba liat sekelilingmu berapa orang yang rutin bayar pajak Selain itu masih tingginya korupsi jadi penyebab dana APBN APBD tidak bisa difungsikan sebagaimana mestinya,1758804519834865891,2024-02-17 10:44:09+00:00,1,"['APBN', 'APBD', 'Indonesia', 'tergolong', 'rendah', 'banyak', 'masyarakat', 'sadar', 'pajak', 'Coba', 'liat', 'sekelilingmu', 'berapa', 'orang', 'rutin', 'bayar', 'pajak', 'Selain', 'tingginya', 'korupsi', 'jadi', 'penyebab', 'dana', 'APBN', 'APBD', 'difungsikan', 'sebagaimana', 'mestinya']",APBN APBD di Indonesia tergolong rendah karena masih banyak masyarakat yang belum sadar pajak. Coba liat sekelilingmu berapa orang yang rutin bayar pajak. Selain itu masih tingginya korupsi jadi penyebab dana APBN APBD tidak bisa difungsikan sebagaimana mestinya,1758804519834865891,,,in,,Jatim Amanah,0,0,0,negative,"['apbn', 'apbd', 'indonesia', 'golong', 'rendah', 'banyak', 'masyarakat', 'sadar', 'pajak', 'coba', 'liat', 'keliling', 'berapa', 'orang', 'rutin', 'bayar', 'pajak', 'selain', 'tinggi', 'korupsi', 'jadi', 'sebab', 'dana', 'apbn', 'apbd', 'fungsi', 'bagaimana', 'mesti']","['APBN', 'APBD', 'di', 'Indonesia', 'tergolong', 'rendah', 'karena', 'masih', 'banyak', 'masyarakat', 'yang', 'belum', 'sadar', 'pajak', 'Coba', 'liat', 'sekelilingmu', 'berapa', 'orang', 'yang', 'rutin', 'bayar', 'pajak', 'Selain', 'itu', 'masih', 'tingginya', 'korupsi', 'jadi', 'penyebab', 'dana', 'APBN', 'APBD', 'tidak', 'bisa', 'difungsikan', 'sebagaimana', 'mestinya']",0,https://x.com/undefined/status/1758804519834865891,1498152486,
tulungagung,Enak ya Korupsi seenak pantat nya,1720292901715153175,2023-11-03 22:04:29+00:00,0,"['Enak', 'Korupsi', 'seenak', 'pantat', 'nya']",@CNNIndonesia Enak ya Korupsi seenak pantat nya,1720562619742908742,,CNNIndonesia,in,,Jatim Amanah,0,0,0,negative,"['enak', 'korupsi', 'enak', 'pantat', 'nya']","['Enak', 'ya', 'Korupsi', 'seenak', 'pantat', 'nya']",1,https://x.com/undefined/status/1720562619742908742,1445232294613057540,
tulungagung,Pengeledahan rumah Reyna Usman oleh Tim Komisi Pemberantasan Korupsi pada Selasa  Agustus  Ali Fikri selaku Kabag Pemberitaan KPK mengungkapkan bahwa penggeledahan rumah Reyna Usman dilakukan Jalan Merdeka atau Taki Niode Ipilo Gorontalo,1697597932592328895,2023-09-01 13:11:01+00:00,0,"['Pengeledahan', 'rumah', 'Reyna', 'Usman', 'Tim', 'Komisi', 'Pemberantasan', 'Korupsi', 'Selasa', 'Agustus', 'Ali', 'Fikri', 'selaku', 'Kabag', 'Pemberitaan', 'KPK', 'mengungkapkan', 'penggeledahan', 'rumah', 'Reyna', 'Usman', 'dilakukan', 'Jalan', 'Merdeka', 'Taki', 'Niode', 'Ipilo', 'Gorontalo']",https://t.co/TkOiGTGZbg Pengeledahan rumah Reyna Usman oleh Tim Komisi Pemberantasan Korupsi pada Selasa 29 Agustus 2023. Ali Fikri selaku Kabag Pemberitaan KPK mengungkapkan bahwa penggeledahan rumah Reyna Usman dilakukan Jalan Merdeka atau Taki Niode Ipilo Gorontalo. #ahy,1697597932592328895,,,in,,Jatim Amanah,0,0,0,positive,"['pengeledahan', 'rumah', 'reyna', 'usman', 'tim', 'komisi', 'berantas', 'korupsi', 'selasa', 'agustus', 'ali', 'fikri', 'selaku', 'kabag', 'berita', 'kpk', 'ungkap', 'geledah', 'rumah', 'reyna', 'usman', 'laku', 'jalan', 'merdeka', 'taki', 'niode', 'ipilo', 'gorontalo']","['Pengeledahan', 'rumah', 'Reyna', 'Usman', 'oleh', 'Tim', 'Komisi', 'Pemberantasan', 'Korupsi', 'pada', 'Selasa', 'Agustus', 'Ali', 'Fikri', 'selaku', 'Kabag', 'Pemberitaan', 'KPK', 'mengungkapkan', 'bahwa', 'penggeledahan', 'rumah', 'Reyna', 'Usman', 'dilakukan', 'Jalan', 'Merdeka', 'atau', 'Taki', 'Niode', 'Ipilo', 'Gorontalo']",2,https://x.com/undefined/status/1697597932592328895,472684818,
tulungagung,Plt Deputi Bidang Penindakan dan Eksekusi Komisi Pemberantasan Korupsi KPK Asep Guntur Rahayu mengatakan penyidikan dugaan korupsi di Kemnaker yang saat ini tengah diusut pihaknya terjadi pada  lalu,1697595938775400845,2023-09-01 13:03:06+00:00,0,"['Plt', 'Deputi', 'Bidang', 'Penindakan', 'Eksekusi', 'Komisi', 'Pemberantasan', 'Korupsi', 'KPK', 'Asep', 'Guntur', 'Rahayu', 'mengatakan', 'penyidikan', 'dugaan', 'korupsi', 'Kemnaker', 'tengah', 'diusut', 'pihaknya', 'terjadi', 'lalu']",https://t.co/g9i5IZk0nC Plt Deputi Bidang Penindakan dan Eksekusi Komisi Pemberantasan Korupsi (KPK) Asep Guntur Rahayu mengatakan penyidikan dugaan korupsi di Kemnaker yang saat ini tengah diusut pihaknya terjadi pada 2012 lalu. #demokrat #ahy #trenggalek #jawatimur,1697595938775400845,,,in,,Jatim Amanah,0,0,0,positive,"['plt', 'deputi', 'bidang', 'tindak', 'eksekusi', 'komisi', 'berantas', 'korupsi', 'kpk', 'asep', 'guntur', 'rahayu', 'kata', 'sidi', 'duga', 'korupsi', 'kemnaker', 'tengah', 'usut', 'pihak', 'jadi', 'lalu']","['Plt', 'Deputi', 'Bidang', 'Penindakan', 'dan', 'Eksekusi', 'Komisi', 'Pemberantasan', 'Korupsi', 'KPK', 'Asep', 'Guntur', 'Rahayu', 'mengatakan', 'penyidikan', 'dugaan', 'korupsi', 'di', 'Kemnaker', 'yang', 'saat', 'ini', 'tengah', 'diusut', 'pihaknya', 'terjadi', 'pada', 'lalu']",0,https://x.com/undefined/status/1697595938775400845,472684818,
tulungagung,Ya punya hak untuk korupsi lagi,1697063412658995703,2023-08-31 05:26:51+00:00,1,"['Ya', 'punya', 'hak', 'korupsi']",@KompasTV Ya punya hak untuk korupsi lagi https://t.co/QxRhCNrJP2,1697118733318476079,https://pbs.twimg.com/media/F41gfnqacAAbUzY.png,KompasTV,in,,Jatim Amanah,0,1,0,negative,"['ya', 'punya', 'hak', 'korupsi']","['Ya', 'punya', 'hak', 'untuk', 'korupsi', 'lagi']",0,https://x.com/undefined/status/1697118733318476079,1445232294613057540,
tulungagung,Yo ngene iki urip ning kene jadi rakyat menjarah jadi pejabat korupsi,1694222065371648484,2023-08-23 05:36:32+00:00,0,"['Yo', 'ngene', 'iki', 'urip', 'ning', 'kene', 'jadi', 'rakyat', 'menjarah', 'jadi', 'pejabat', 'korupsi']",Yo ngene iki urip ning kene jadi rakyat menjarah jadi pejabat korupsi.,1694222065371648484,,,in,,Jatim Amanah,0,0,0,negative,"['yo', 'ngene', 'iki', 'urip', 'ning', 'kene', 'jadi', 'rakyat', 'jarah', 'jadi', 'jabat', 'korupsi']","['Yo', 'ngene', 'iki', 'urip', 'ning', 'kene', 'jadi', 'rakyat', 'menjarah', 'jadi', 'pejabat', 'korupsi']",0,https://x.com/undefined/status/1694222065371648484,446020413,
pasuruan,Ketua DPD LPKP Kab Pasuruan dan jajarannya kembali mendatangi polresta pasuruan utk menanyakan perkembangan pengaduan terkait dugaan tindak pidana korupsi,1635683131020972032,2023-03-14 16:43:42+00:00,0,"['Ketua', 'DPD', 'LPKP', 'Kab', 'Pasuruan', 'jajarannya', 'mendatangi', 'polresta', 'pasuruan', 'utk', 'menanyakan', 'perkembangan', 'pengaduan', 'terkait', 'dugaan', 'tindak', 'pidana', 'korupsi']",Ketua DPD LP2KP Kab Pasuruan dan jajarannya kembali mendatangi polresta pasuruan utk menanyakan perkembangan pengaduan terkait dugaan tindak pidana korupsi https://t.co/ELsVhBjMOM,1635683131020972032,https://pbs.twimg.com/media/FrMdIviaEAAe0Ox.jpg,,in,,Jatim Amanah,0,0,0,positive,"['ketua', 'dpd', 'lpkp', 'kab', 'pasuruan', 'jajar', 'datang', 'polresta', 'pasuruan', 'utk', 'tanya', 'kembang', 'adu', 'kait', 'duga', 'tindak', 'pidana', 'korupsi']","['Ketua', 'DPD', 'LPKP', 'Kab', 'Pasuruan', 'dan', 'jajarannya', 'kembali', 'mendatangi', 'polresta', 'pasuruan', 'utk', 'menanyakan', 'perkembangan', 'pengaduan', 'terkait', 'dugaan', 'tindak', 'pidana', 'korupsi']",2,https://x.com/undefined/status/1635683131020972032,944931844054646784,
pasuruan,Knpa jadi fokus ke gak pamernya Mau pamer apa gimana sbetulnya gak ada masalah selama harta yg d pamerin didapat dgn cara yg halal yg menyakiti hati rakyat itu bukan pamer hartanya tapi korupsi kalian itu loh wahai pejabat,1633019111096877057,2023-03-07 16:18:02+00:00,0,"['Knpa', 'jadi', 'fokus', 'gak', 'pamernya', 'Mau', 'pamer', 'apa', 'gimana', 'sbetulnya', 'gak', 'masalah', 'selama', 'harta', 'yg', 'd', 'pamerin', 'didapat', 'dgn', 'cara', 'yg', 'halal', 'yg', 'menyakiti', 'hati', 'rakyat', 'bukan', 'pamer', 'hartanya', 'korupsi', 'kalian', 'loh', 'wahai', 'pejabat']",@e100ss Knpa jadi fokus ke gak pamernya? Mau pamer apa gimana sbetulnya gak ada masalah selama harta yg d pamerin didapat dgn cara yg halal yg menyakiti hati rakyat itu bukan pamer hartanya tapi korupsi kalian itu loh wahai pejabat,1633139955835731970,,e100ss,in,,Jatim Amanah,0,0,0,negative,"['knpa', 'jadi', 'fokus', 'gak', 'pamer', 'mau', 'pamer', 'apa', 'gimana', 'sbetulnya', 'gak', 'masalah', 'lama', 'harta', 'yg', 'd', 'pamerin', 'dapat', 'dgn', 'cara', 'yg', 'halal', 'yg', 'sakit', 'hati', 'rakyat', 'bukan', 'pamer', 'harta', 'korupsi', 'kalian', 'loh', 'wahai', 'jabat']","['Knpa', 'jadi', 'fokus', 'ke', 'gak', 'pamernya', 'Mau', 'pamer', 'apa', 'gimana', 'sbetulnya', 'gak', 'ada', 'masalah', 'selama', 'harta', 'yg', 'd', 'pamerin', 'didapat', 'dgn', 'cara', 'yg', 'halal', 'yg', 'menyakiti', 'hati', 'rakyat', 'itu', 'bukan', 'pamer', 'hartanya', 'tapi', 'korupsi', 'kalian', 'itu', 'loh', 'wahai', 'pejabat']",2,https://x.com/undefined/status/1633139955835731970,71471223,
pasuruan,gimana mau korupsi bang kalo ga menjabat yg penting diblacklist aja dari menjabat apapun aman deh dari korupsi,1633000575272120323,2023-03-07 12:54:02+00:00,0,"['gimana', 'mau', 'korupsi', 'bang', 'kalo', 'ga', 'menjabat', 'yg', 'penting', 'diblacklist', 'aja', 'menjabat', 'apapun', 'aman', 'deh', 'korupsi']",@AmienSyarif @kurawa gimana mau korupsi bang kalo ga menjabat yg penting diblacklist aja dari menjabat apapun aman deh dari korupsi,1633088617727025153,,AmienSyarif,in,,Jatim Amanah,0,1,0,negative,"['gimana', 'mau', 'korupsi', 'bang', 'kalo', 'ga', 'jabat', 'yg', 'penting', 'diblacklist', 'aja', 'jabat', 'apa', 'aman', 'deh', 'korupsi']","['gimana', 'mau', 'korupsi', 'bang', 'kalo', 'ga', 'menjabat', 'yg', 'penting', 'diblacklist', 'aja', 'dari', 'menjabat', 'apapun', 'aman', 'deh', 'dari', 'korupsi']",1,https://x.com/undefined/status/1633088617727025153,1396636208,
pasuruan,Kepala Rutan Surabaya Wahyu Hendrajati bersama seluruh jajaran berkomitmen untuk menyelenggarakan birokrasi dan pelayanan yang bebas dari KKN Korupsi Kolusi dan Nepotisme,1619157167956983808,2023-01-28 02:15:25+00:00,0,"['Kepala', 'Rutan', 'Surabaya', 'Wahyu', 'Hendrajati', 'bersama', 'seluruh', 'jajaran', 'berkomitmen', 'menyelenggarakan', 'birokrasi', 'pelayanan', 'bebas', 'KKN', 'Korupsi', 'Kolusi', 'Nepotisme']",Kepala Rutan Surabaya Wahyu Hendrajati bersama seluruh jajaran berkomitmen untuk menyelenggarakan birokrasi dan pelayanan yang bebas dari KKN (Korupsi Kolusi dan Nepotisme) https://t.co/B6LvtS8GKb,1619157167956983808,https://pbs.twimg.com/media/Fnhm3NnaAAEu3r2.jpg,,in,,Jatim Amanah,0,0,0,positive,"['kepala', 'rutan', 'surabaya', 'wahyu', 'hendrajati', 'sama', 'seluruh', 'jajar', 'komitmen', 'selenggara', 'birokrasi', 'layan', 'bebas', 'kkn', 'korupsi', 'kolusi', 'nepotisme']","['Kepala', 'Rutan', 'Surabaya', 'Wahyu', 'Hendrajati', 'bersama', 'seluruh', 'jajaran', 'berkomitmen', 'untuk', 'menyelenggarakan', 'birokrasi', 'dan', 'pelayanan', 'yang', 'bebas', 'dari', 'KKN', 'Korupsi', 'Kolusi', 'dan', 'Nepotisme']",2,https://x.com/undefined/status/1619157167956983808,1252906975492370432,
pasuruan,Klau korupsigantung sajarampas aset aset harta nyabiar nyoncrong klrga nyaslm waras,1617558884209815552,2023-01-23 16:24:25+00:00,0,"['Klau', 'korupsigantung', 'sajarampas', 'aset', 'aset', 'harta', 'nyabiar', 'nyoncrong', 'klrga', 'nyaslm', 'waras']",Klau korupsi.gantung saja.rampas aset aset harta nya.biar nyoncrong klrga nya.slm waras,1617558884209815552,,,in,,Jatim Amanah,0,0,0,negative,"['klau', 'korupsigantung', 'sajarampas', 'aset', 'aset', 'harta', 'nyabiar', 'nyoncrong', 'klrga', 'nyaslm', 'waras']","['Klau', 'korupsigantung', 'sajarampas', 'aset', 'aset', 'harta', 'nyabiar', 'nyoncrong', 'klrga', 'nyaslm', 'waras']",1,https://x.com/undefined/status/1617558884209815552,1430137022182682625,
pasuruan,korban Mul kebiasaan korupsi nih,1614764865415155713,2023-01-15 23:21:59+00:00,0,"['korban', 'Mul', 'kebiasaan', 'korupsi', 'nih']",3 korban Mul.. kebiasaan korupsi nih https://t.co/oeTkhQo5gv,1614764865415155713,https://pbs.twimg.com/media/FmjMFczagAA6xkk.jpg,,in,,Jatim Amanah,0,0,0,negative,"['korban', 'mul', 'biasa', 'korupsi', 'nih']","['korban', 'Mul', 'kebiasaan', 'korupsi', 'nih']",1,https://x.com/undefined/status/1614764865415155713,4121124258,
